trial,testing,parameters,initial_deadline,final_deadline,net_reward,actions,success
1,False,"{'a': 0.5, 'e': 0.99}",25,0,-127.40956717127646,"{0: 19, 1: 1, 2: 2, 3: 0, 4: 3}",0
2,False,"{'a': 0.5, 'e': 0.9801}",20,0,-129.58389237385387,"{0: 12, 1: 1, 2: 4, 3: 1, 4: 2}",0
3,False,"{'a': 0.5, 'e': 0.970299}",30,0,-237.9125444883112,"{0: 15, 1: 3, 2: 7, 3: 2, 4: 3}",0
4,False,"{'a': 0.5, 'e': 0.96059601}",25,0,-138.22822297507,"{0: 14, 1: 4, 2: 4, 3: 1, 4: 2}",0
5,False,"{'a': 0.5, 'e': 0.9509900498999999}",25,0,-176.44935722697937,"{0: 18, 1: 0, 2: 3, 3: 0, 4: 4}",0
6,False,"{'a': 0.5, 'e': 0.941480149401}",20,9,-10.652883326356203,"{0: 8, 1: 1, 2: 2, 3: 0, 4: 0}",1
7,False,"{'a': 0.5, 'e': 0.9320653479069899}",25,0,-155.9723010373407,"{0: 16, 1: 1, 2: 5, 3: 0, 4: 3}",0
8,False,"{'a': 0.5, 'e': 0.9227446944279201}",30,20,0.13909888442703022,"{0: 9, 1: 0, 2: 1, 3: 0, 4: 0}",1
9,False,"{'a': 0.5, 'e': 0.9135172474836408}",20,0,-63.98353830038288,"{0: 11, 1: 3, 2: 6, 3: 0, 4: 0}",0
10,False,"{'a': 0.5, 'e': 0.9043820750088044}",30,0,-33.2629004708936,"{0: 22, 1: 4, 2: 4, 3: 0, 4: 0}",0
11,False,"{'a': 0.5, 'e': 0.8953382542587164}",25,0,-92.66378421221143,"{0: 16, 1: 1, 2: 7, 3: 0, 4: 1}",0
12,False,"{'a': 0.5, 'e': 0.8863848717161292}",35,0,-210.83978500537967,"{0: 20, 1: 6, 2: 4, 3: 2, 4: 3}",0
13,False,"{'a': 0.5, 'e': 0.8775210229989678}",25,12,-49.491349894785756,"{0: 8, 1: 0, 2: 4, 3: 1, 4: 0}",1
14,False,"{'a': 0.5, 'e': 0.8687458127689782}",20,0,-54.23747217007192,"{0: 15, 1: 2, 2: 2, 3: 0, 4: 1}",0
15,False,"{'a': 0.5, 'e': 0.8600583546412884}",20,2,1.7180802994254403,"{0: 16, 1: 0, 2: 2, 3: 0, 4: 0}",1
16,False,"{'a': 0.5, 'e': 0.8514577710948755}",20,0,-130.09843959727678,"{0: 11, 1: 2, 2: 3, 3: 3, 4: 1}",0
17,False,"{'a': 0.5, 'e': 0.8429431933839268}",35,27,7.279597613593089,"{0: 7, 1: 1, 2: 0, 3: 0, 4: 0}",1
18,False,"{'a': 0.5, 'e': 0.8345137614500875}",30,0,-177.56885258239467,"{0: 19, 1: 2, 2: 5, 3: 1, 4: 3}",0
19,False,"{'a': 0.5, 'e': 0.8261686238355866}",20,7,-20.082747770271936,"{0: 10, 1: 1, 2: 1, 3: 1, 4: 0}",1
20,False,"{'a': 0.5, 'e': 0.8179069375972308}",20,0,-146.77797131205259,"{0: 11, 1: 2, 2: 3, 3: 2, 4: 2}",0
21,False,"{'a': 0.5, 'e': 0.8097278682212584}",20,6,-88.51786736613218,"{0: 10, 1: 0, 2: 2, 3: 0, 4: 2}",1
22,False,"{'a': 0.5, 'e': 0.8016305895390459}",20,0,-149.05880857696178,"{0: 12, 1: 2, 2: 2, 3: 1, 4: 3}",0
23,False,"{'a': 0.5, 'e': 0.7936142836436554}",20,0,-28.987625594418,"{0: 17, 1: 2, 2: 0, 3: 0, 4: 1}",0
24,False,"{'a': 0.5, 'e': 0.7856781408072188}",35,0,-184.33040465386676,"{0: 26, 1: 1, 2: 3, 3: 1, 4: 4}",0
25,False,"{'a': 0.5, 'e': 0.7778213593991467}",20,0,-133.20276251862694,"{0: 14, 1: 0, 2: 3, 3: 0, 4: 3}",0
26,False,"{'a': 0.5, 'e': 0.7700431458051551}",30,0,-192.52331079805865,"{0: 19, 1: 5, 2: 1, 3: 1, 4: 4}",0
27,False,"{'a': 0.5, 'e': 0.7623427143471035}",25,0,-21.50585345232269,"{0: 23, 1: 0, 2: 1, 3: 0, 4: 1}",0
28,False,"{'a': 0.5, 'e': 0.7547192872036326}",20,0,-55.799281852032195,"{0: 15, 1: 1, 2: 3, 3: 0, 4: 1}",0
29,False,"{'a': 0.5, 'e': 0.7471720943315961}",25,0,-151.36722914552598,"{0: 14, 1: 2, 2: 6, 3: 1, 4: 2}",0
30,False,"{'a': 0.5, 'e': 0.7397003733882802}",25,0,-92.50288324037999,"{0: 17, 1: 1, 2: 5, 3: 1, 4: 1}",0
31,False,"{'a': 0.5, 'e': 0.7323033696543975}",25,0,-222.95644996044726,"{0: 15, 1: 2, 2: 1, 3: 3, 4: 4}",0
32,False,"{'a': 0.5, 'e': 0.7249803359578534}",30,0,-33.581608498832644,"{0: 23, 1: 4, 2: 2, 3: 1, 4: 0}",0
33,False,"{'a': 0.5, 'e': 0.7177305325982749}",25,18,-31.624354442815232,"{0: 6, 1: 0, 2: 0, 3: 0, 4: 1}",1
34,False,"{'a': 0.5, 'e': 0.7105532272722921}",30,0,-67.60201819151365,"{0: 23, 1: 2, 2: 3, 3: 1, 4: 1}",0
35,False,"{'a': 0.5, 'e': 0.7034476949995692}",20,0,-96.52361877435055,"{0: 14, 1: 2, 2: 2, 3: 0, 4: 2}",0
36,False,"{'a': 0.5, 'e': 0.6964132180495735}",30,1,-81.06986202061188,"{0: 21, 1: 2, 2: 4, 3: 1, 4: 1}",1
37,False,"{'a': 0.5, 'e': 0.6894490858690777}",35,20,-4.550389684766898,"{0: 13, 1: 1, 2: 0, 3: 1, 4: 0}",1
38,False,"{'a': 0.5, 'e': 0.682554595010387}",20,0,-89.93922532343727,"{0: 12, 1: 3, 2: 3, 3: 1, 4: 1}",0
39,False,"{'a': 0.5, 'e': 0.6757290490602831}",20,0,-47.153685791218926,"{0: 14, 1: 1, 2: 4, 3: 1, 4: 0}",0
40,False,"{'a': 0.5, 'e': 0.6689717585696803}",25,0,-100.46213336579459,"{0: 19, 1: 0, 2: 4, 3: 0, 4: 2}",0
41,False,"{'a': 0.5, 'e': 0.6622820409839835}",20,0,-88.30023658911733,"{0: 15, 1: 2, 2: 1, 3: 0, 4: 2}",0
42,False,"{'a': 0.5, 'e': 0.6556592205741436}",20,0,-54.77870992587349,"{0: 14, 1: 1, 2: 3, 3: 2, 4: 0}",0
43,False,"{'a': 0.5, 'e': 0.6491026283684022}",20,0,-153.42498157641086,"{0: 12, 1: 2, 2: 2, 3: 1, 4: 3}",0
44,False,"{'a': 0.5, 'e': 0.6426116020847181}",20,11,-25.660336655257147,"{0: 6, 1: 1, 2: 1, 3: 1, 4: 0}",1
45,False,"{'a': 0.5, 'e': 0.6361854860638709}",25,8,-92.7708883870325,"{0: 12, 1: 1, 2: 1, 3: 1, 4: 2}",1
46,False,"{'a': 0.5, 'e': 0.6298236312032323}",20,0,-29.109670435409015,"{0: 15, 1: 2, 2: 2, 3: 1, 4: 0}",0
47,False,"{'a': 0.5, 'e': 0.6235253948912}",25,0,-51.39707643095852,"{0: 20, 1: 3, 2: 0, 3: 1, 4: 1}",0
48,False,"{'a': 0.5, 'e': 0.617290140942288}",20,0,-15.426307957786877,"{0: 17, 1: 1, 2: 1, 3: 1, 4: 0}",0
49,False,"{'a': 0.5, 'e': 0.611117239532865}",20,9,-2.6194321577917634,"{0: 9, 1: 1, 2: 1, 3: 0, 4: 0}",1
50,False,"{'a': 0.5, 'e': 0.6050060671375364}",20,0,-34.59070377033804,"{0: 16, 1: 0, 2: 3, 3: 1, 4: 0}",0
51,False,"{'a': 0.5, 'e': 0.598956006466161}",20,0,-59.16529724807604,"{0: 13, 1: 2, 2: 4, 3: 1, 4: 0}",0
52,False,"{'a': 0.5, 'e': 0.5929664464014994}",30,0,-131.26494012389006,"{0: 23, 1: 0, 2: 2, 3: 3, 4: 2}",0
53,False,"{'a': 0.5, 'e': 0.5870367819374844}",20,0,-28.673078234442286,"{0: 16, 1: 1, 2: 2, 3: 1, 4: 0}",0
54,False,"{'a': 0.5, 'e': 0.5811664141181095}",25,0,-40.29824985018483,"{0: 20, 1: 1, 2: 2, 3: 2, 4: 0}",0
55,False,"{'a': 0.5, 'e': 0.5753547499769285}",20,0,-25.02236095181789,"{0: 16, 1: 1, 2: 2, 3: 1, 4: 0}",0
56,False,"{'a': 0.5, 'e': 0.5696012024771592}",25,12,2.7666151697643704,"{0: 11, 1: 1, 2: 1, 3: 0, 4: 0}",1
57,False,"{'a': 0.5, 'e': 0.5639051904523875}",25,0,-105.63882781055419,"{0: 19, 1: 0, 2: 3, 3: 1, 4: 2}",0
58,False,"{'a': 0.5, 'e': 0.5582661385478637}",20,3,-16.412985862217987,"{0: 13, 1: 1, 2: 3, 3: 0, 4: 0}",1
59,False,"{'a': 0.5, 'e': 0.5526834771623851}",20,0,-40.78209749009893,"{0: 14, 1: 0, 2: 6, 3: 0, 4: 0}",0
60,False,"{'a': 0.5, 'e': 0.5471566423907612}",20,0,-90.24122747757161,"{0: 14, 1: 2, 2: 2, 3: 0, 4: 2}",0
61,False,"{'a': 0.5, 'e': 0.5416850759668536}",25,0,-28.1589279077427,"{0: 19, 1: 3, 2: 2, 3: 1, 4: 0}",0
62,False,"{'a': 0.5, 'e': 0.536268225207185}",20,0,10.071969779247919,"{0: 18, 1: 1, 2: 1, 3: 0, 4: 0}",0
63,False,"{'a': 0.5, 'e': 0.5309055429551132}",30,4,-41.477365848719245,"{0: 22, 1: 1, 2: 1, 3: 1, 4: 1}",1
64,False,"{'a': 0.5, 'e': 0.525596487525562}",20,5,-56.5835313710834,"{0: 11, 1: 1, 2: 1, 3: 1, 4: 1}",1
65,False,"{'a': 0.5, 'e': 0.5203405226503064}",25,15,-64.82865551324859,"{0: 8, 1: 0, 2: 0, 3: 0, 4: 2}",1
66,False,"{'a': 0.5, 'e': 0.5151371174238033}",25,0,-58.35616450604108,"{0: 21, 1: 0, 2: 2, 3: 1, 4: 1}",0
67,False,"{'a': 0.5, 'e': 0.5099857462495653}",20,0,-77.30873805131218,"{0: 14, 1: 2, 2: 2, 3: 1, 4: 1}",0
68,False,"{'a': 0.5, 'e': 0.5048858887870696}",30,0,-174.89292775295772,"{0: 19, 1: 2, 2: 5, 3: 1, 4: 3}",0
69,False,"{'a': 0.5, 'e': 0.4998370298991989}",25,0,-89.73781066306326,"{0: 19, 1: 1, 2: 3, 3: 0, 4: 2}",0
70,False,"{'a': 0.5, 'e': 0.49483865960020695}",20,0,6.07410289322023,"{0: 17, 1: 2, 2: 1, 3: 0, 4: 0}",0
71,False,"{'a': 0.5, 'e': 0.4898902730042049}",25,15,13.794022380984797,"{0: 10, 1: 0, 2: 0, 3: 0, 4: 0}",1
72,False,"{'a': 0.5, 'e': 0.48499137027416284}",20,1,17.657056200354273,"{0: 18, 1: 0, 2: 1, 3: 0, 4: 0}",1
73,False,"{'a': 0.5, 'e': 0.4801414565714212}",20,0,-43.817159191725196,"{0: 14, 1: 1, 2: 4, 3: 1, 4: 0}",0
74,False,"{'a': 0.5, 'e': 0.47534004200570695}",20,6,-60.97223138659558,"{0: 9, 1: 1, 2: 3, 3: 0, 4: 1}",1
75,False,"{'a': 0.5, 'e': 0.4705866415856499}",35,24,-11.747663086619891,"{0: 9, 1: 1, 2: 0, 3: 1, 4: 0}",1
76,False,"{'a': 0.5, 'e': 0.46588077516979337}",25,0,9.744053160436893,"{0: 22, 1: 1, 2: 2, 3: 0, 4: 0}",0
77,False,"{'a': 0.5, 'e': 0.46122196741809546}",20,0,-27.012895338155356,"{0: 18, 1: 0, 2: 1, 3: 0, 4: 1}",0
78,False,"{'a': 0.5, 'e': 0.4566097477439145}",30,0,0.8706251139776919,"{0: 26, 1: 1, 2: 3, 3: 0, 4: 0}",0
79,False,"{'a': 0.5, 'e': 0.45204365026647536}",30,0,-148.31008184740534,"{0: 22, 1: 1, 2: 3, 3: 1, 4: 3}",0
80,False,"{'a': 0.5, 'e': 0.4475232137638106}",25,0,-47.16189630214127,"{0: 22, 1: 0, 2: 0, 3: 2, 4: 1}",0
81,False,"{'a': 0.5, 'e': 0.4430479816261725}",20,0,-0.23398780564223887,"{0: 17, 1: 1, 2: 2, 3: 0, 4: 0}",1
82,False,"{'a': 0.5, 'e': 0.43861750180991077}",20,0,-50.88501310439389,"{0: 14, 1: 1, 2: 4, 3: 1, 4: 0}",0
83,False,"{'a': 0.5, 'e': 0.43423132679181164}",20,0,-75.44962030958004,"{0: 16, 1: 0, 2: 2, 3: 0, 4: 2}",0
84,False,"{'a': 0.5, 'e': 0.4298890135238935}",25,7,-0.4839898941462004,"{0: 16, 1: 0, 2: 2, 3: 0, 4: 0}",1
85,False,"{'a': 0.5, 'e': 0.4255901233886546}",25,6,-20.124247882006475,"{0: 17, 1: 1, 2: 0, 3: 0, 4: 1}",1
86,False,"{'a': 0.5, 'e': 0.421334222154768}",30,7,-41.48233020337655,"{0: 18, 1: 2, 2: 2, 3: 0, 4: 1}",1
87,False,"{'a': 0.5, 'e': 0.41712087993322033}",25,0,-67.48077042346617,"{0: 19, 1: 0, 2: 5, 3: 0, 4: 1}",0
88,False,"{'a': 0.5, 'e': 0.41294967113388814}",20,4,-12.051921070953158,"{0: 14, 1: 0, 2: 1, 3: 1, 4: 0}",1
89,False,"{'a': 0.5, 'e': 0.40882017442254925}",20,0,-52.511166787517055,"{0: 15, 1: 1, 2: 3, 3: 0, 4: 1}",0
90,False,"{'a': 0.5, 'e': 0.4047319726783238}",30,0,-35.93297907659403,"{0: 26, 1: 0, 2: 2, 3: 2, 4: 0}",0
91,False,"{'a': 0.5, 'e': 0.40068465295154054}",30,4,-66.93165583324803,"{0: 22, 1: 1, 2: 1, 3: 0, 4: 2}",1
92,False,"{'a': 0.5, 'e': 0.3966778064220251}",20,0,-72.30662644902023,"{0: 16, 1: 1, 2: 1, 3: 0, 4: 2}",0
93,False,"{'a': 0.5, 'e': 0.39271102835780486}",20,8,-23.267182725440264,"{0: 10, 1: 0, 2: 0, 3: 2, 4: 0}",1
94,False,"{'a': 0.5, 'e': 0.3887839180742268}",30,0,-57.26016867002515,"{0: 22, 1: 1, 2: 6, 3: 1, 4: 0}",0
95,False,"{'a': 0.5, 'e': 0.38489607889348454}",25,0,-35.86556331264811,"{0: 21, 1: 1, 2: 2, 3: 0, 4: 1}",0
96,False,"{'a': 0.5, 'e': 0.38104711810454966}",20,0,8.196129281552881,"{0: 18, 1: 1, 2: 1, 3: 0, 4: 0}",0
97,False,"{'a': 0.5, 'e': 0.37723664692350417}",20,0,4.137266040045923,"{0: 17, 1: 2, 2: 1, 3: 0, 4: 0}",0
98,False,"{'a': 0.5, 'e': 0.37346428045426916}",20,12,6.496027459932487,"{0: 7, 1: 1, 2: 0, 3: 0, 4: 0}",1
99,False,"{'a': 0.5, 'e': 0.36972963764972644}",20,1,-44.22654642873608,"{0: 14, 1: 2, 2: 1, 3: 2, 4: 0}",1
100,False,"{'a': 0.5, 'e': 0.3660323412732292}",20,1,-59.953728325024485,"{0: 13, 1: 1, 2: 4, 3: 0, 4: 1}",1
101,False,"{'a': 0.5, 'e': 0.3623720178604969}",25,0,-29.266457448408367,"{0: 22, 1: 1, 2: 1, 3: 0, 4: 1}",0
102,False,"{'a': 0.5, 'e': 0.3587482976818919}",20,15,8.83921196546635,"{0: 5, 1: 0, 2: 0, 3: 0, 4: 0}",1
103,False,"{'a': 0.5, 'e': 0.355160814705073}",25,4,-65.86238630404377,"{0: 18, 1: 0, 2: 1, 3: 0, 4: 2}",1
104,False,"{'a': 0.5, 'e': 0.35160920655802225}",20,1,-91.45847453395358,"{0: 14, 1: 0, 2: 3, 3: 0, 4: 2}",1
105,False,"{'a': 0.5, 'e': 0.348093114492442}",30,7,-26.235791205767207,"{0: 19, 1: 1, 2: 1, 3: 2, 4: 0}",1
106,False,"{'a': 0.5, 'e': 0.3446121833475176}",30,0,-56.7843002114362,"{0: 25, 1: 0, 2: 3, 3: 1, 4: 1}",0
107,False,"{'a': 0.5, 'e': 0.34116606151404244}",25,4,-15.029141256173912,"{0: 18, 1: 0, 2: 2, 3: 1, 4: 0}",1
108,False,"{'a': 0.5, 'e': 0.337754400898902}",25,10,-20.069452494002665,"{0: 11, 1: 1, 2: 3, 3: 0, 4: 0}",1
109,False,"{'a': 0.5, 'e': 0.334376856889913}",25,11,-47.99705497874715,"{0: 8, 1: 2, 2: 3, 3: 1, 4: 0}",1
110,False,"{'a': 0.5, 'e': 0.33103308832101386}",20,6,-21.816755339951644,"{0: 11, 1: 0, 2: 2, 3: 1, 4: 0}",1
111,False,"{'a': 0.5, 'e': 0.3277227574378037}",20,0,-97.49402774874886,"{0: 15, 1: 0, 2: 2, 3: 1, 4: 2}",1
112,False,"{'a': 0.5, 'e': 0.3244455298634257}",20,0,-13.242912239785287,"{0: 16, 1: 2, 2: 2, 3: 0, 4: 0}",0
113,False,"{'a': 0.5, 'e': 0.3212010745647914}",25,0,-47.82961822970994,"{0: 20, 1: 2, 2: 1, 3: 1, 4: 1}",0
114,False,"{'a': 0.5, 'e': 0.3179890638191435}",20,4,5.382145553847702,"{0: 14, 1: 1, 2: 1, 3: 0, 4: 0}",1
115,False,"{'a': 0.5, 'e': 0.31480917318095203}",25,14,-25.525177708719816,"{0: 10, 1: 0, 2: 0, 3: 0, 4: 1}",1
116,False,"{'a': 0.5, 'e': 0.3116610814491425}",25,0,-22.388986937584892,"{0: 23, 1: 0, 2: 1, 3: 0, 4: 1}",0
117,False,"{'a': 0.5, 'e': 0.30854447063465107}",25,3,-44.587084729024824,"{0: 18, 1: 0, 2: 3, 3: 0, 4: 1}",1
118,False,"{'a': 0.5, 'e': 0.3054590259283046}",30,22,11.405911379333658,"{0: 8, 1: 0, 2: 0, 3: 0, 4: 0}",1
119,False,"{'a': 0.5, 'e': 0.30240443566902153}",20,14,-1.1820708759289993,"{0: 5, 1: 0, 2: 1, 3: 0, 4: 0}",1
120,False,"{'a': 0.5, 'e': 0.2993803913123313}",30,16,22.554160651274973,"{0: 14, 1: 0, 2: 0, 3: 0, 4: 0}",1
121,False,"{'a': 0.5, 'e': 0.296386587399208}",30,13,-48.044698962380025,"{0: 14, 1: 0, 2: 1, 3: 1, 4: 1}",1
122,False,"{'a': 0.5, 'e': 0.2934227215252159}",20,0,-15.540793598380867,"{0: 18, 1: 0, 2: 0, 3: 2, 4: 0}",0
123,False,"{'a': 0.5, 'e': 0.29048849430996376}",20,13,12.830194672589338,"{0: 7, 1: 0, 2: 0, 3: 0, 4: 0}",1
124,False,"{'a': 0.5, 'e': 0.2875836093668641}",20,0,-46.20805712337327,"{0: 16, 1: 0, 2: 3, 3: 0, 4: 1}",0
125,False,"{'a': 0.5, 'e': 0.28470777327319546}",25,8,-11.307598567360428,"{0: 14, 1: 1, 2: 1, 3: 1, 4: 0}",1
126,False,"{'a': 0.5, 'e': 0.2818606955404635}",20,6,14.199907549688756,"{0: 13, 1: 0, 2: 1, 3: 0, 4: 0}",1
127,False,"{'a': 0.5, 'e': 0.27904208858505886}",25,0,-43.45061404963141,"{0: 20, 1: 3, 2: 1, 3: 0, 4: 1}",0
128,False,"{'a': 0.5, 'e': 0.2762516676992083}",20,0,-38.34674597885502,"{0: 17, 1: 0, 2: 2, 3: 0, 4: 1}",0
129,False,"{'a': 0.5, 'e': 0.2734891510222162}",20,0,15.78319130701933,"{0: 19, 1: 0, 2: 1, 3: 0, 4: 0}",0
130,False,"{'a': 0.5, 'e': 0.27075425951199406}",20,2,-1.6055338819946399,"{0: 15, 1: 1, 2: 2, 3: 0, 4: 0}",1
131,False,"{'a': 0.5, 'e': 0.2680467169168741}",30,8,-29.857409027590265,"{0: 19, 1: 0, 2: 2, 3: 0, 4: 1}",1
132,False,"{'a': 0.5, 'e': 0.26536624974770534}",20,4,15.763013177895743,"{0: 15, 1: 0, 2: 1, 3: 0, 4: 0}",1
133,False,"{'a': 0.5, 'e': 0.2627125872502283}",25,0,-9.053807585465636,"{0: 20, 1: 2, 2: 3, 3: 0, 4: 0}",0
134,False,"{'a': 0.5, 'e': 0.26008546137772603}",25,0,-25.924596106365495,"{0: 20, 1: 1, 2: 3, 3: 1, 4: 0}",0
135,False,"{'a': 0.5, 'e': 0.25748460676394874}",25,1,-32.408104385966126,"{0: 21, 1: 0, 2: 2, 3: 0, 4: 1}",1
136,False,"{'a': 0.5, 'e': 0.2549097606963093}",35,0,-84.23338728221874,"{0: 29, 1: 1, 2: 2, 3: 1, 4: 2}",0
137,False,"{'a': 0.5, 'e': 0.2523606630893462}",20,0,-58.81120507059174,"{0: 17, 1: 1, 2: 0, 3: 0, 4: 2}",0
138,False,"{'a': 0.5, 'e': 0.2498370564584527}",20,9,7.637603464807519,"{0: 10, 1: 0, 2: 1, 3: 0, 4: 0}",1
139,False,"{'a': 0.5, 'e': 0.24733868589386818}",25,0,9.406086505291952,"{0: 23, 1: 0, 2: 2, 3: 0, 4: 0}",0
140,False,"{'a': 0.5, 'e': 0.24486529903492948}",20,0,-8.426906881803585,"{0: 16, 1: 1, 2: 3, 3: 0, 4: 0}",0
141,False,"{'a': 0.5, 'e': 0.2424166460445802}",20,12,-72.26686468194922,"{0: 6, 1: 0, 2: 0, 3: 0, 4: 2}",1
142,False,"{'a': 0.5, 'e': 0.2399924795841344}",20,11,-49.654247012799736,"{0: 6, 1: 0, 2: 2, 3: 0, 4: 1}",1
143,False,"{'a': 0.5, 'e': 0.23759255478829303}",25,2,-62.080316189437795,"{0: 19, 1: 0, 2: 1, 3: 2, 4: 1}",1
144,False,"{'a': 0.5, 'e': 0.23521662924041012}",20,1,15.332062027770386,"{0: 17, 1: 2, 2: 0, 3: 0, 4: 0}",1
145,False,"{'a': 0.5, 'e': 0.232864462948006}",20,5,10.707987950032763,"{0: 14, 1: 0, 2: 1, 3: 0, 4: 0}",1
146,False,"{'a': 0.5, 'e': 0.23053581831852593}",25,15,17.89865553761756,"{0: 10, 1: 0, 2: 0, 3: 0, 4: 0}",1
147,False,"{'a': 0.5, 'e': 0.22823046013534068}",20,8,14.444956625881762,"{0: 11, 1: 1, 2: 0, 3: 0, 4: 0}",1
148,False,"{'a': 0.5, 'e': 0.22594815553398728}",20,0,10.650830827229797,"{0: 19, 1: 0, 2: 0, 3: 1, 4: 0}",0
149,False,"{'a': 0.5, 'e': 0.2236886739786474}",25,8,9.112519879441336,"{0: 15, 1: 1, 2: 1, 3: 0, 4: 0}",1
150,False,"{'a': 0.5, 'e': 0.22145178723886091}",20,5,10.786524637270812,"{0: 14, 1: 0, 2: 1, 3: 0, 4: 0}",1
151,False,"{'a': 0.5, 'e': 0.2192372693664723}",20,0,-25.182222109824565,"{0: 18, 1: 0, 2: 1, 3: 0, 4: 1}",0
152,False,"{'a': 0.5, 'e': 0.21704489667280757}",35,12,-24.997155140132392,"{0: 20, 1: 0, 2: 2, 3: 0, 4: 1}",1
153,False,"{'a': 0.5, 'e': 0.2148744477060795}",20,3,-29.362160031934717,"{0: 14, 1: 1, 2: 0, 3: 2, 4: 0}",1
154,False,"{'a': 0.5, 'e': 0.2127257032290187}",25,12,-1.4252413927133443,"{0: 11, 1: 0, 2: 2, 3: 0, 4: 0}",1
155,False,"{'a': 0.5, 'e': 0.21059844619672852}",20,0,-4.4030700594672885,"{0: 17, 1: 1, 2: 2, 3: 0, 4: 0}",0
156,False,"{'a': 0.5, 'e': 0.20849246173476124}",25,16,10.084019256329707,"{0: 8, 1: 1, 2: 0, 3: 0, 4: 0}",1
157,False,"{'a': 0.5, 'e': 0.2064075371174136}",30,21,-47.6579008131719,"{0: 7, 1: 0, 2: 0, 3: 1, 4: 1}",1
158,False,"{'a': 0.5, 'e': 0.2043434617462395}",25,2,26.459712505755437,"{0: 22, 1: 0, 2: 1, 3: 0, 4: 0}",1
159,False,"{'a': 0.5, 'e': 0.2023000271287771}",20,0,25.227250925815326,"{0: 20, 1: 0, 2: 0, 3: 0, 4: 0}",0
160,False,"{'a': 0.5, 'e': 0.2002770268574893}",25,0,-1.4540325726208305,"{0: 22, 1: 1, 2: 1, 3: 1, 4: 0}",0
161,False,"{'a': 0.5, 'e': 0.19827425658891443}",25,1,-9.069744974158356,"{0: 22, 1: 1, 2: 0, 3: 0, 4: 1}",1
162,False,"{'a': 0.5, 'e': 0.19629151402302528}",25,10,-23.654372329536425,"{0: 13, 1: 0, 2: 1, 3: 0, 4: 1}",1
163,False,"{'a': 0.5, 'e': 0.19432859888279502}",20,14,1.0580327590093712,"{0: 5, 1: 0, 2: 1, 3: 0, 4: 0}",1
164,False,"{'a': 0.5, 'e': 0.19238531289396707}",30,0,-25.36664272661958,"{0: 23, 1: 3, 2: 4, 3: 0, 4: 0}",0
165,False,"{'a': 0.5, 'e': 0.1904614597650274}",25,16,17.88914770432968,"{0: 9, 1: 0, 2: 0, 3: 0, 4: 0}",1
166,False,"{'a': 0.5, 'e': 0.1885568451673771}",25,13,13.494235939139237,"{0: 11, 1: 1, 2: 0, 3: 0, 4: 0}",1
167,False,"{'a': 0.5, 'e': 0.18667127671570335}",20,0,29.695628808494376,"{0: 20, 1: 0, 2: 0, 3: 0, 4: 0}",0
168,False,"{'a': 0.5, 'e': 0.1848045639485463}",20,10,-44.78257974982174,"{0: 7, 1: 0, 2: 2, 3: 0, 4: 1}",1
169,False,"{'a': 0.5, 'e': 0.18295651830906084}",25,17,17.739775588016393,"{0: 8, 1: 0, 2: 0, 3: 0, 4: 0}",1
170,False,"{'a': 0.5, 'e': 0.18112695312597024}",30,6,24.335739032722135,"{0: 23, 1: 0, 2: 1, 3: 0, 4: 0}",1
171,False,"{'a': 0.5, 'e': 0.17931568359471053}",20,9,22.755460961355126,"{0: 11, 1: 0, 2: 0, 3: 0, 4: 0}",1
172,False,"{'a': 0.5, 'e': 0.17752252675876343}",20,2,7.536558947325456,"{0: 17, 1: 0, 2: 0, 3: 1, 4: 0}",1
173,False,"{'a': 0.5, 'e': 0.1757473014911758}",25,13,13.427955167040908,"{0: 11, 1: 0, 2: 1, 3: 0, 4: 0}",1
174,False,"{'a': 0.5, 'e': 0.173989828476264}",20,8,-3.054281305653976,"{0: 10, 1: 0, 2: 2, 3: 0, 4: 0}",1
175,False,"{'a': 0.5, 'e': 0.1722499301915014}",20,11,16.8396047093959,"{0: 9, 1: 0, 2: 0, 3: 0, 4: 0}",1
176,False,"{'a': 0.5, 'e': 0.17052743088958636}",25,14,23.00061244535963,"{0: 11, 1: 0, 2: 0, 3: 0, 4: 0}",1
177,False,"{'a': 0.5, 'e': 0.1688221565806905}",20,12,-19.914967562981115,"{0: 6, 1: 0, 2: 1, 3: 1, 4: 0}",1
178,False,"{'a': 0.5, 'e': 0.1671339350148836}",30,4,-10.267193776996084,"{0: 24, 1: 0, 2: 1, 3: 0, 4: 1}",1
179,False,"{'a': 0.5, 'e': 0.16546259566473476}",20,9,-22.781322087775752,"{0: 10, 1: 0, 2: 0, 3: 0, 4: 1}",1
180,False,"{'a': 0.5, 'e': 0.16380796970808742}",20,13,0.9458012550631834,"{0: 6, 1: 0, 2: 1, 3: 0, 4: 0}",1
181,False,"{'a': 0.5, 'e': 0.16216989001100654}",20,0,23.31308145236866,"{0: 19, 1: 1, 2: 0, 3: 0, 4: 0}",0
182,False,"{'a': 0.5, 'e': 0.16054819111089647}",20,6,-15.43685748188994,"{0: 13, 1: 0, 2: 0, 3: 0, 4: 1}",1
183,False,"{'a': 0.5, 'e': 0.1589427091997875}",20,6,-52.23144139819465,"{0: 10, 1: 1, 2: 2, 3: 0, 4: 1}",1
184,False,"{'a': 0.5, 'e': 0.15735328210778962}",20,0,10.105359846909776,"{0: 18, 1: 1, 2: 1, 3: 0, 4: 0}",0
185,False,"{'a': 0.5, 'e': 0.15577974928671173}",25,10,2.0807971930847753,"{0: 14, 1: 0, 2: 0, 3: 1, 4: 0}",1
186,False,"{'a': 0.5, 'e': 0.1542219517938446}",25,10,-11.465990199533724,"{0: 12, 1: 1, 2: 1, 3: 1, 4: 0}",1
187,False,"{'a': 0.5, 'e': 0.15267973227590617}",20,0,5.979419780930063,"{0: 18, 1: 1, 2: 1, 3: 0, 4: 0}",0
188,False,"{'a': 0.5, 'e': 0.1511529349531471}",25,17,11.017669697373313,"{0: 7, 1: 1, 2: 0, 3: 0, 4: 0}",1
189,False,"{'a': 0.5, 'e': 0.14964140560361563}",25,0,-17.612452685095917,"{0: 23, 1: 0, 2: 1, 3: 0, 4: 1}",0
190,False,"{'a': 0.5, 'e': 0.14814499154757946}",30,10,-19.4498805204793,"{0: 18, 1: 0, 2: 1, 3: 0, 4: 1}",1
191,False,"{'a': 0.5, 'e': 0.14666354163210368}",30,19,18.891304028182454,"{0: 11, 1: 0, 2: 0, 3: 0, 4: 0}",1
192,False,"{'a': 0.5, 'e': 0.14519690621578263}",25,11,13.885765455059795,"{0: 13, 1: 0, 2: 1, 3: 0, 4: 0}",1
193,False,"{'a': 0.5, 'e': 0.1437449371536248}",25,8,14.97082231836221,"{0: 16, 1: 0, 2: 1, 3: 0, 4: 0}",1
194,False,"{'a': 0.5, 'e': 0.14230748778208857}",25,5,13.76783880783617,"{0: 19, 1: 0, 2: 0, 3: 1, 4: 0}",1
195,False,"{'a': 0.5, 'e': 0.14088441290426768}",25,20,6.354693068925224,"{0: 5, 1: 0, 2: 0, 3: 0, 4: 0}",1
196,False,"{'a': 0.5, 'e': 0.139475568775225}",25,7,16.546522131093184,"{0: 16, 1: 2, 2: 0, 3: 0, 4: 0}",1
197,False,"{'a': 0.5, 'e': 0.13808081308747275}",30,20,15.222221701969271,"{0: 9, 1: 1, 2: 0, 3: 0, 4: 0}",1
198,False,"{'a': 0.5, 'e': 0.136700004956598}",25,13,-25.81764445630771,"{0: 10, 1: 1, 2: 0, 3: 0, 4: 1}",1
199,False,"{'a': 0.5, 'e': 0.13533300490703204}",30,14,29.91727268332855,"{0: 16, 1: 0, 2: 0, 3: 0, 4: 0}",1
200,False,"{'a': 0.5, 'e': 0.13397967485796172}",30,0,-16.7310207077415,"{0: 27, 1: 0, 2: 2, 3: 0, 4: 1}",1
201,False,"{'a': 0.5, 'e': 0.1326398781093821}",25,5,32.054662463369134,"{0: 20, 1: 0, 2: 0, 3: 0, 4: 0}",1
202,False,"{'a': 0.5, 'e': 0.13131347932828827}",20,10,13.724013758269372,"{0: 10, 1: 0, 2: 0, 3: 0, 4: 0}",1
203,False,"{'a': 0.5, 'e': 0.1300003445350054}",25,0,23.955942512565642,"{0: 23, 1: 2, 2: 0, 3: 0, 4: 0}",0
204,False,"{'a': 0.5, 'e': 0.12870034108965533}",20,5,-16.691196669338666,"{0: 14, 1: 0, 2: 0, 3: 0, 4: 1}",1
205,False,"{'a': 0.5, 'e': 0.1274133376787588}",25,13,22.69569837171525,"{0: 12, 1: 0, 2: 0, 3: 0, 4: 0}",1
206,False,"{'a': 0.5, 'e': 0.12613920430197118}",25,10,-13.621801566399633,"{0: 14, 1: 0, 2: 0, 3: 0, 4: 1}",1
207,False,"{'a': 0.5, 'e': 0.12487781225895148}",25,0,32.10956351540504,"{0: 24, 1: 1, 2: 0, 3: 0, 4: 0}",0
208,False,"{'a': 0.5, 'e': 0.12362903413636196}",30,0,29.05499212928122,"{0: 29, 1: 0, 2: 1, 3: 0, 4: 0}",0
209,False,"{'a': 0.5, 'e': 0.12239274379499834}",20,10,16.633678478255415,"{0: 10, 1: 0, 2: 0, 3: 0, 4: 0}",1
210,False,"{'a': 0.5, 'e': 0.12116881635704835}",20,12,14.437321873240837,"{0: 8, 1: 0, 2: 0, 3: 0, 4: 0}",1
211,False,"{'a': 0.5, 'e': 0.11995712819347787}",30,7,-56.637259088148475,"{0: 20, 1: 1, 2: 0, 3: 0, 4: 2}",1
212,False,"{'a': 0.5, 'e': 0.11875755691154309}",30,16,22.727645675156925,"{0: 14, 1: 0, 2: 0, 3: 0, 4: 0}",1
213,False,"{'a': 0.5, 'e': 0.11756998134242766}",25,17,2.3491916464536153,"{0: 7, 1: 0, 2: 1, 3: 0, 4: 0}",1
214,False,"{'a': 0.5, 'e': 0.11639428152900338}",20,4,28.68820634409124,"{0: 16, 1: 0, 2: 0, 3: 0, 4: 0}",1
215,False,"{'a': 0.5, 'e': 0.11523033871371334}",25,11,16.203451377890534,"{0: 13, 1: 1, 2: 0, 3: 0, 4: 0}",1
216,False,"{'a': 0.5, 'e': 0.1140780353265762}",25,17,14.593505508852036,"{0: 8, 1: 0, 2: 0, 3: 0, 4: 0}",1
217,False,"{'a': 0.5, 'e': 0.11293725497331045}",30,0,31.98918618454655,"{0: 28, 1: 1, 2: 1, 3: 0, 4: 0}",0
218,False,"{'a': 0.5, 'e': 0.11180788242357734}",20,8,6.134671131678692,"{0: 11, 1: 0, 2: 1, 3: 0, 4: 0}",1
219,False,"{'a': 0.5, 'e': 0.11068980359934157}",25,14,19.02256750098601,"{0: 11, 1: 0, 2: 0, 3: 0, 4: 0}",1
220,False,"{'a': 0.5, 'e': 0.10958290556334815}",30,7,-9.423602482597806,"{0: 21, 1: 1, 2: 0, 3: 0, 4: 1}",1
221,False,"{'a': 0.5, 'e': 0.10848707650771466}",20,5,30.955137958051107,"{0: 15, 1: 0, 2: 0, 3: 0, 4: 0}",1
222,False,"{'a': 0.5, 'e': 0.10740220574263752}",30,20,0.7994151940909411,"{0: 9, 1: 0, 2: 0, 3: 1, 4: 0}",1
223,False,"{'a': 0.5, 'e': 0.10632818368521114}",30,18,10.578494166751973,"{0: 11, 1: 0, 2: 1, 3: 0, 4: 0}",1
224,False,"{'a': 0.5, 'e': 0.10526490184835903}",25,12,10.287759964081319,"{0: 12, 1: 0, 2: 1, 3: 0, 4: 0}",1
225,False,"{'a': 0.5, 'e': 0.10421225282987544}",20,0,12.627930403741935,"{0: 19, 1: 0, 2: 1, 3: 0, 4: 0}",0
226,False,"{'a': 0.5, 'e': 0.10317013030157669}",20,15,-13.44622779740602,"{0: 4, 1: 0, 2: 0, 3: 1, 4: 0}",1
227,False,"{'a': 0.5, 'e': 0.10213842899856092}",25,19,10.464280917340336,"{0: 6, 1: 0, 2: 0, 3: 0, 4: 0}",1
228,False,"{'a': 0.5, 'e': 0.10111704470857531}",25,7,-8.789855705117414,"{0: 17, 1: 0, 2: 0, 3: 0, 4: 1}",1
229,False,"{'a': 0.5, 'e': 0.10010587426148955}",35,0,14.417129649383654,"{0: 33, 1: 0, 2: 1, 3: 1, 4: 0}",0
230,False,"{'a': 0.5, 'e': 0.09910481551887466}",30,12,16.051036505093585,"{0: 17, 1: 0, 2: 1, 3: 0, 4: 0}",1
231,False,"{'a': 0.5, 'e': 0.0981137673636859}",20,9,20.768344712395873,"{0: 11, 1: 0, 2: 0, 3: 0, 4: 0}",1
232,False,"{'a': 0.5, 'e': 0.09713262969004904}",20,14,10.846099908837179,"{0: 6, 1: 0, 2: 0, 3: 0, 4: 0}",1
233,False,"{'a': 0.5, 'e': 0.09616130339314856}",25,14,21.848284524759695,"{0: 11, 1: 0, 2: 0, 3: 0, 4: 0}",1
234,False,"{'a': 0.5, 'e': 0.09519969035921708}",25,18,5.374266673553682,"{0: 6, 1: 1, 2: 0, 3: 0, 4: 0}",1
235,False,"{'a': 0.5, 'e': 0.0942476934556249}",30,18,20.048549196928967,"{0: 12, 1: 0, 2: 0, 3: 0, 4: 0}",1
236,False,"{'a': 0.5, 'e': 0.09330521652106866}",25,16,-19.20487279647289,"{0: 7, 1: 0, 2: 1, 3: 1, 4: 0}",1
237,False,"{'a': 0.5, 'e': 0.09237216435585796}",30,13,34.90452959493289,"{0: 17, 1: 0, 2: 0, 3: 0, 4: 0}",1
238,False,"{'a': 0.5, 'e': 0.09144844271229938}",20,0,33.83328527455024,"{0: 20, 1: 0, 2: 0, 3: 0, 4: 0}",0
239,False,"{'a': 0.5, 'e': 0.0905339582851764}",20,0,31.642591782174268,"{0: 20, 1: 0, 2: 0, 3: 0, 4: 0}",0
240,False,"{'a': 0.5, 'e': 0.08962861870232462}",20,12,14.421529083317164,"{0: 8, 1: 0, 2: 0, 3: 0, 4: 0}",1
241,False,"{'a': 0.5, 'e': 0.08873233251530138}",20,0,13.535242292177715,"{0: 19, 1: 0, 2: 1, 3: 0, 4: 0}",0
242,False,"{'a': 0.5, 'e': 0.08784500919014836}",20,1,-9.66111467900447,"{0: 18, 1: 0, 2: 0, 3: 0, 4: 1}",1
243,False,"{'a': 0.5, 'e': 0.08696655909824688}",20,0,-9.997966204150162,"{0: 19, 1: 0, 2: 0, 3: 0, 4: 1}",0
244,False,"{'a': 0.5, 'e': 0.0860968935072644}",35,23,-3.0217007918392014,"{0: 11, 1: 0, 2: 0, 3: 1, 4: 0}",1
245,False,"{'a': 0.5, 'e': 0.08523592457219176}",20,0,23.08416041818013,"{0: 20, 1: 0, 2: 0, 3: 0, 4: 0}",0
246,False,"{'a': 0.5, 'e': 0.08438356532646984}",30,15,29.214389654669887,"{0: 15, 1: 0, 2: 0, 3: 0, 4: 0}",1
247,False,"{'a': 0.5, 'e': 0.08353972967320515}",20,4,19.12669855137751,"{0: 15, 1: 1, 2: 0, 3: 0, 4: 0}",1
248,False,"{'a': 0.5, 'e': 0.0827043323764731}",20,0,-12.897440128008222,"{0: 19, 1: 0, 2: 0, 3: 0, 4: 1}",1
249,False,"{'a': 0.5, 'e': 0.08187728905270836}",30,0,39.30965525793837,"{0: 30, 1: 0, 2: 0, 3: 0, 4: 0}",0
250,False,"{'a': 0.5, 'e': 0.08105851616218128}",35,21,27.764716931484557,"{0: 14, 1: 0, 2: 0, 3: 0, 4: 0}",1
251,False,"{'a': 0.5, 'e': 0.08024793100055946}",20,0,18.1506205960696,"{0: 19, 1: 0, 2: 1, 3: 0, 4: 0}",0
252,False,"{'a': 0.5, 'e': 0.07944545169055386}",20,12,16.17920973565335,"{0: 8, 1: 0, 2: 0, 3: 0, 4: 0}",1
253,False,"{'a': 0.5, 'e': 0.07865099717364833}",20,6,-35.43098251224655,"{0: 12, 1: 0, 2: 0, 3: 1, 4: 1}",1
254,False,"{'a': 0.5, 'e': 0.07786448720191184}",20,9,-22.339602033590424,"{0: 10, 1: 0, 2: 0, 3: 0, 4: 1}",1
255,False,"{'a': 0.5, 'e': 0.07708584232989273}",20,0,32.592857856010625,"{0: 20, 1: 0, 2: 0, 3: 0, 4: 0}",1
256,False,"{'a': 0.5, 'e': 0.0763149839065938}",20,9,16.757153720634175,"{0: 11, 1: 0, 2: 0, 3: 0, 4: 0}",1
257,False,"{'a': 0.5, 'e': 0.07555183406752786}",20,12,13.97984523115214,"{0: 8, 1: 0, 2: 0, 3: 0, 4: 0}",1
258,False,"{'a': 0.5, 'e': 0.07479631572685258}",20,11,18.814938748771016,"{0: 9, 1: 0, 2: 0, 3: 0, 4: 0}",1
259,False,"{'a': 0.5, 'e': 0.07404835256958406}",20,13,2.9688798940819834,"{0: 6, 1: 1, 2: 0, 3: 0, 4: 0}",1
260,False,"{'a': 0.5, 'e': 0.07330786904388821}",30,9,-5.430182552130445,"{0: 20, 1: 0, 2: 0, 3: 0, 4: 1}",1
261,False,"{'a': 0.5, 'e': 0.07257479035344933}",30,3,-55.78953088820768,"{0: 24, 1: 0, 2: 0, 3: 1, 4: 2}",1
262,False,"{'a': 0.5, 'e': 0.07184904244991483}",25,13,19.75280731567218,"{0: 12, 1: 0, 2: 0, 3: 0, 4: 0}",1
263,False,"{'a': 0.5, 'e': 0.07113055202541568}",30,19,4.33489775919105,"{0: 10, 1: 0, 2: 1, 3: 0, 4: 0}",1
264,False,"{'a': 0.5, 'e': 0.07041924650516153}",20,10,10.132903351738467,"{0: 9, 1: 1, 2: 0, 3: 0, 4: 0}",1
265,False,"{'a': 0.5, 'e': 0.06971505404010991}",25,11,23.474422440479803,"{0: 14, 1: 0, 2: 0, 3: 0, 4: 0}",1
266,False,"{'a': 0.5, 'e': 0.06901790349970881}",30,0,21.777314570476655,"{0: 28, 1: 1, 2: 1, 3: 0, 4: 0}",0
267,False,"{'a': 0.5, 'e': 0.06832772446471172}",20,0,10.829126269919069,"{0: 18, 1: 1, 2: 1, 3: 0, 4: 0}",0
268,False,"{'a': 0.5, 'e': 0.0676444472200646}",20,1,17.713227876361472,"{0: 18, 1: 0, 2: 1, 3: 0, 4: 0}",1
269,False,"{'a': 0.5, 'e': 0.06696800274786396}",25,0,26.451058756822885,"{0: 24, 1: 1, 2: 0, 3: 0, 4: 0}",0
270,False,"{'a': 0.5, 'e': 0.06629832272038531}",25,8,31.862996606178637,"{0: 17, 1: 0, 2: 0, 3: 0, 4: 0}",1
271,False,"{'a': 0.5, 'e': 0.06563533949318147}",20,10,14.665632320916199,"{0: 10, 1: 0, 2: 0, 3: 0, 4: 0}",1
272,False,"{'a': 0.5, 'e': 0.06497898609824965}",20,9,-19.633954442766345,"{0: 10, 1: 0, 2: 0, 3: 0, 4: 1}",1
273,False,"{'a': 0.5, 'e': 0.06432919623726716}",25,3,18.230685813716235,"{0: 20, 1: 1, 2: 1, 3: 0, 4: 0}",1
274,False,"{'a': 0.5, 'e': 0.06368590427489448}",25,3,21.638796351170505,"{0: 21, 1: 1, 2: 0, 3: 0, 4: 0}",1
275,False,"{'a': 0.5, 'e': 0.06304904523214554}",25,3,33.09765690676071,"{0: 22, 1: 0, 2: 0, 3: 0, 4: 0}",1
276,False,"{'a': 0.5, 'e': 0.06241855477982408}",20,0,-15.146915040109239,"{0: 19, 1: 0, 2: 0, 3: 0, 4: 1}",1
277,False,"{'a': 0.5, 'e': 0.06179436923202584}",20,11,-3.4107348453042476,"{0: 8, 1: 0, 2: 0, 3: 1, 4: 0}",1
278,False,"{'a': 0.5, 'e': 0.06117642553970558}",20,9,17.617586813876073,"{0: 11, 1: 0, 2: 0, 3: 0, 4: 0}",1
279,False,"{'a': 0.5, 'e': 0.06056466128430853}",25,4,33.83406210067424,"{0: 21, 1: 0, 2: 0, 3: 0, 4: 0}",1
280,False,"{'a': 0.5, 'e': 0.05995901467146544}",25,10,18.080772841991788,"{0: 14, 1: 1, 2: 0, 3: 0, 4: 0}",1
281,False,"{'a': 0.5, 'e': 0.059359424524750785}",30,22,-27.159366581319283,"{0: 7, 1: 0, 2: 0, 3: 0, 4: 1}",1
282,False,"{'a': 0.5, 'e': 0.05876583027950327}",20,12,15.215851270283077,"{0: 8, 1: 0, 2: 0, 3: 0, 4: 0}",1
283,False,"{'a': 0.5, 'e': 0.05817817197670824}",20,10,17.125655122319518,"{0: 10, 1: 0, 2: 0, 3: 0, 4: 0}",1
284,False,"{'a': 0.5, 'e': 0.05759639025694116}",20,1,18.801606880975974,"{0: 17, 1: 2, 2: 0, 3: 0, 4: 0}",1
285,False,"{'a': 0.5, 'e': 0.057020426354371746}",30,24,8.614600419673915,"{0: 6, 1: 0, 2: 0, 3: 0, 4: 0}",1
286,False,"{'a': 0.5, 'e': 0.05645022209082803}",25,11,-18.759897624560185,"{0: 13, 1: 0, 2: 0, 3: 0, 4: 1}",1
287,False,"{'a': 0.5, 'e': 0.05588571986991975}",35,17,17.91944452295439,"{0: 17, 1: 0, 2: 1, 3: 0, 4: 0}",1
288,False,"{'a': 0.5, 'e': 0.05532686267122055}",20,0,-18.85606754551177,"{0: 18, 1: 0, 2: 1, 3: 0, 4: 1}",1
289,False,"{'a': 0.5, 'e': 0.05477359404450834}",25,17,17.103263791947604,"{0: 8, 1: 0, 2: 0, 3: 0, 4: 0}",1
290,False,"{'a': 0.5, 'e': 0.05422585810406326}",25,10,22.35225992260948,"{0: 15, 1: 0, 2: 0, 3: 0, 4: 0}",1
291,False,"{'a': 0.5, 'e': 0.05368359952302263}",25,8,30.45714557970602,"{0: 17, 1: 0, 2: 0, 3: 0, 4: 0}",1
292,False,"{'a': 0.5, 'e': 0.0531467635277924}",25,15,19.720000702326,"{0: 10, 1: 0, 2: 0, 3: 0, 4: 0}",1
293,False,"{'a': 0.5, 'e': 0.05261529589251448}",20,0,-9.223324349044338,"{0: 19, 1: 0, 2: 0, 3: 0, 4: 1}",0
294,False,"{'a': 0.5, 'e': 0.05208914293358933}",25,16,3.5980346410535358,"{0: 8, 1: 0, 2: 1, 3: 0, 4: 0}",1
295,False,"{'a': 0.5, 'e': 0.05156825150425344}",20,1,33.66758938489051,"{0: 19, 1: 0, 2: 0, 3: 0, 4: 0}",1
296,False,"{'a': 0.5, 'e': 0.0510525689892109}",25,0,32.31970429959939,"{0: 24, 1: 1, 2: 0, 3: 0, 4: 0}",0
297,False,"{'a': 0.5, 'e': 0.050542043299318794}",25,17,-8.044162701646494,"{0: 7, 1: 0, 2: 0, 3: 1, 4: 0}",1
298,False,"{'a': 0.5, 'e': 0.050036622866325604}",20,9,18.646077829534676,"{0: 11, 1: 0, 2: 0, 3: 0, 4: 0}",1
299,False,"{'a': 0.5, 'e': 0.04953625663766235}",35,23,22.823704065271315,"{0: 12, 1: 0, 2: 0, 3: 0, 4: 0}",1
1,True,"{'a': 0.5, 'e': 0.04904089407128572}",25,11,18.686993805488775,"{0: 13, 1: 0, 2: 1, 3: 0, 4: 0}",1
2,True,"{'a': 0.5, 'e': 0.04855048513057287}",20,5,27.972433735318234,"{0: 15, 1: 0, 2: 0, 3: 0, 4: 0}",1
3,True,"{'a': 0.5, 'e': 0.04806498027926714}",30,16,26.116981051438252,"{0: 14, 1: 0, 2: 0, 3: 0, 4: 0}",1
4,True,"{'a': 0.5, 'e': 0.047584330476474465}",20,10,16.296842420761408,"{0: 10, 1: 0, 2: 0, 3: 0, 4: 0}",1
5,True,"{'a': 0.5, 'e': 0.04710848717170972}",20,12,16.233575515201778,"{0: 8, 1: 0, 2: 0, 3: 0, 4: 0}",1
6,True,"{'a': 0.5, 'e': 0.04663740229999262}",25,0,33.89971567973501,"{0: 25, 1: 0, 2: 0, 3: 0, 4: 0}",0
7,True,"{'a': 0.5, 'e': 0.046171028276992696}",20,13,12.886766232240802,"{0: 7, 1: 0, 2: 0, 3: 0, 4: 0}",1
8,True,"{'a': 0.5, 'e': 0.045709317994222766}",20,0,26.94743162199871,"{0: 20, 1: 0, 2: 0, 3: 0, 4: 0}",0
9,True,"{'a': 0.5, 'e': 0.04525222481428054}",25,8,-13.41239937690302,"{0: 16, 1: 0, 2: 0, 3: 0, 4: 1}",1
10,True,"{'a': 0.5, 'e': 0.04479970256613774}",20,0,-6.728017264203503,"{0: 18, 1: 0, 2: 1, 3: 1, 4: 0}",0
11,True,"{'a': 0.5, 'e': 0.044351705540476356}",30,17,15.53358059289163,"{0: 12, 1: 1, 2: 0, 3: 0, 4: 0}",1
12,True,"{'a': 0.5, 'e': 0.043908188485071595}",20,3,28.086074882981432,"{0: 17, 1: 0, 2: 0, 3: 0, 4: 0}",1
13,True,"{'a': 0.5, 'e': 0.04346910660022087}",35,14,35.597694390166254,"{0: 21, 1: 0, 2: 0, 3: 0, 4: 0}",1
14,True,"{'a': 0.5, 'e': 0.04303441553421867}",25,12,25.308491192205267,"{0: 13, 1: 0, 2: 0, 3: 0, 4: 0}",1
15,True,"{'a': 0.5, 'e': 0.04260407137887648}",20,9,4.494053094575205,"{0: 10, 1: 0, 2: 1, 3: 0, 4: 0}",1
16,True,"{'a': 0.5, 'e': 0.04217803066508771}",25,12,24.03538810237947,"{0: 13, 1: 0, 2: 0, 3: 0, 4: 0}",1
17,True,"{'a': 0.5, 'e': 0.04175625035843684}",20,10,19.193469372412757,"{0: 10, 1: 0, 2: 0, 3: 0, 4: 0}",1
18,True,"{'a': 0.5, 'e': 0.04133868785485247}",25,16,12.240140619446215,"{0: 9, 1: 0, 2: 0, 3: 0, 4: 0}",1
19,True,"{'a': 0.5, 'e': 0.040925300976303945}",25,14,20.317689479345365,"{0: 11, 1: 0, 2: 0, 3: 0, 4: 0}",1
20,True,"{'a': 0.5, 'e': 0.0405160479665409}",25,17,15.698528838878886,"{0: 8, 1: 0, 2: 0, 3: 0, 4: 0}",1
21,True,"{'a': 0.5, 'e': 0.040110887486875496}",20,6,23.572617562642332,"{0: 14, 1: 0, 2: 0, 3: 0, 4: 0}",1
22,True,"{'a': 0.5, 'e': 0.03970977861200674}",20,8,21.13541442609631,"{0: 12, 1: 0, 2: 0, 3: 0, 4: 0}",1
23,True,"{'a': 0.5, 'e': 0.039312680825886674}",30,13,26.54164557042161,"{0: 17, 1: 0, 2: 0, 3: 0, 4: 0}",1
24,True,"{'a': 0.5, 'e': 0.038919554017627804}",25,11,13.651297638867467,"{0: 13, 1: 0, 2: 1, 3: 0, 4: 0}",1
25,True,"{'a': 0.5, 'e': 0.03853035847745152}",30,13,29.328692184568727,"{0: 17, 1: 0, 2: 0, 3: 0, 4: 0}",1
26,True,"{'a': 0.5, 'e': 0.03814505489267701}",35,0,5.670016307850046,"{0: 34, 1: 0, 2: 0, 3: 0, 4: 1}",0
27,True,"{'a': 0.5, 'e': 0.03776360434375024}",20,10,18.584534669797254,"{0: 10, 1: 0, 2: 0, 3: 0, 4: 0}",1
28,True,"{'a': 0.5, 'e': 0.03738596830031274}",25,13,22.190332845604317,"{0: 12, 1: 0, 2: 0, 3: 0, 4: 0}",1
29,True,"{'a': 0.5, 'e': 0.03701210861730961}",20,12,15.396582520713658,"{0: 8, 1: 0, 2: 0, 3: 0, 4: 0}",1
30,True,"{'a': 0.5, 'e': 0.03664198753113651}",20,14,0.5849567185685376,"{0: 5, 1: 0, 2: 1, 3: 0, 4: 0}",1
31,True,"{'a': 0.5, 'e': 0.036275567655825146}",25,11,25.538022454626415,"{0: 14, 1: 0, 2: 0, 3: 0, 4: 0}",1
32,True,"{'a': 0.5, 'e': 0.0359128119792669}",25,13,20.77159283180729,"{0: 12, 1: 0, 2: 0, 3: 0, 4: 0}",1
33,True,"{'a': 0.5, 'e': 0.035553683859474224}",30,10,36.959608669296834,"{0: 20, 1: 0, 2: 0, 3: 0, 4: 0}",1
34,True,"{'a': 0.5, 'e': 0.035198147020879485}",30,19,23.76471937229775,"{0: 11, 1: 0, 2: 0, 3: 0, 4: 0}",1
35,True,"{'a': 0.5, 'e': 0.03484616555067069}",20,12,17.119284606713318,"{0: 8, 1: 0, 2: 0, 3: 0, 4: 0}",1
36,True,"{'a': 0.5, 'e': 0.03449770389516398}",20,14,12.685653638090642,"{0: 6, 1: 0, 2: 0, 3: 0, 4: 0}",1
37,True,"{'a': 0.5, 'e': 0.03415272685621234}",25,18,9.133760012709706,"{0: 7, 1: 0, 2: 0, 3: 0, 4: 0}",1
38,True,"{'a': 0.5, 'e': 0.03381119958765022}",20,8,-0.9402113389270377,"{0: 11, 1: 0, 2: 0, 3: 1, 4: 0}",1
39,True,"{'a': 0.5, 'e': 0.03347308759177372}",20,4,27.130063545026587,"{0: 16, 1: 0, 2: 0, 3: 0, 4: 0}",1
40,True,"{'a': 0.5, 'e': 0.03313835671585598}",30,0,22.3914303060407,"{0: 29, 1: 0, 2: 0, 3: 1, 4: 0}",0
41,True,"{'a': 0.5, 'e': 0.03280697314869742}",20,14,12.877223114765151,"{0: 6, 1: 0, 2: 0, 3: 0, 4: 0}",1
42,True,"{'a': 0.5, 'e': 0.03247890341721044}",25,6,17.56618227153784,"{0: 18, 1: 0, 2: 1, 3: 0, 4: 0}",1
43,True,"{'a': 0.5, 'e': 0.03215411438303834}",20,3,-20.024918599220783,"{0: 15, 1: 0, 2: 1, 3: 0, 4: 1}",1
44,True,"{'a': 0.5, 'e': 0.031832573239207955}",25,8,17.044246926322273,"{0: 16, 1: 0, 2: 1, 3: 0, 4: 0}",1
45,True,"{'a': 0.5, 'e': 0.031514247506815876}",30,12,31.15492777172566,"{0: 18, 1: 0, 2: 0, 3: 0, 4: 0}",1
46,True,"{'a': 0.5, 'e': 0.031199105031747717}",20,5,-57.246647595385525,"{0: 13, 1: 0, 2: 0, 3: 0, 4: 2}",1
47,True,"{'a': 0.5, 'e': 0.03088711398143024}",20,6,19.87082339924524,"{0: 13, 1: 1, 2: 0, 3: 0, 4: 0}",1
48,True,"{'a': 0.5, 'e': 0.030578242841615935}",30,16,13.497853889134173,"{0: 13, 1: 0, 2: 1, 3: 0, 4: 0}",1
49,True,"{'a': 0.5, 'e': 0.030272460413199778}",20,12,13.532116858234374,"{0: 8, 1: 0, 2: 0, 3: 0, 4: 0}",1
50,True,"{'a': 0.5, 'e': 0.02996973580906778}",20,12,15.070235692376423,"{0: 8, 1: 0, 2: 0, 3: 0, 4: 0}",1
51,True,"{'a': 0.5, 'e': 0.029670038450977102}",20,1,33.38792634587026,"{0: 19, 1: 0, 2: 0, 3: 0, 4: 0}",1
52,True,"{'a': 0.5, 'e': 0.02937333806646733}",20,7,21.99771900304632,"{0: 13, 1: 0, 2: 0, 3: 0, 4: 0}",1
53,True,"{'a': 0.5, 'e': 0.029079604685802656}",20,5,24.99132821826669,"{0: 15, 1: 0, 2: 0, 3: 0, 4: 0}",1
54,True,"{'a': 0.5, 'e': 0.02878880863894463}",25,15,18.468530594983104,"{0: 10, 1: 0, 2: 0, 3: 0, 4: 0}",1
55,True,"{'a': 0.5, 'e': 0.02850092055255518}",30,18,20.80962438147472,"{0: 12, 1: 0, 2: 0, 3: 0, 4: 0}",1
56,True,"{'a': 0.5, 'e': 0.02821591134702963}",25,0,33.739429327669455,"{0: 25, 1: 0, 2: 0, 3: 0, 4: 0}",0
57,True,"{'a': 0.5, 'e': 0.027933752233559334}",20,14,7.983551167648664,"{0: 6, 1: 0, 2: 0, 3: 0, 4: 0}",1
58,True,"{'a': 0.5, 'e': 0.027654414711223742}",25,3,19.74933551770037,"{0: 21, 1: 1, 2: 0, 3: 0, 4: 0}",1
59,True,"{'a': 0.5, 'e': 0.027377870564111503}",20,13,12.9595029193761,"{0: 7, 1: 0, 2: 0, 3: 0, 4: 0}",1
60,True,"{'a': 0.5, 'e': 0.02710409185847039}",20,0,-16.91309902481452,"{0: 19, 1: 0, 2: 0, 3: 0, 4: 1}",0
61,True,"{'a': 0.5, 'e': 0.026833050939885684}",20,6,25.405807770046508,"{0: 14, 1: 0, 2: 0, 3: 0, 4: 0}",1
62,True,"{'a': 0.5, 'e': 0.026564720430486827}",30,0,44.6228345768566,"{0: 30, 1: 0, 2: 0, 3: 0, 4: 0}",1
63,True,"{'a': 0.5, 'e': 0.026299073226181958}",30,11,29.973497687638176,"{0: 19, 1: 0, 2: 0, 3: 0, 4: 0}",1
64,True,"{'a': 0.5, 'e': 0.026036082493920136}",30,18,21.516860762351435,"{0: 12, 1: 0, 2: 0, 3: 0, 4: 0}",1
65,True,"{'a': 0.5, 'e': 0.025775721668980935}",20,11,17.564915826980055,"{0: 9, 1: 0, 2: 0, 3: 0, 4: 0}",1
66,True,"{'a': 0.5, 'e': 0.025517964452291125}",20,13,12.076606899491175,"{0: 7, 1: 0, 2: 0, 3: 0, 4: 0}",1
67,True,"{'a': 0.5, 'e': 0.025262784807768213}",25,17,14.501171492326211,"{0: 8, 1: 0, 2: 0, 3: 0, 4: 0}",1
68,True,"{'a': 0.5, 'e': 0.025010156959690534}",30,0,39.17386760583426,"{0: 30, 1: 0, 2: 0, 3: 0, 4: 0}",0
69,True,"{'a': 0.5, 'e': 0.024760055390093627}",30,0,3.004575778762703,"{0: 29, 1: 0, 2: 0, 3: 0, 4: 1}",0
70,True,"{'a': 0.5, 'e': 0.02451245483619269}",20,9,22.183429163361744,"{0: 11, 1: 0, 2: 0, 3: 0, 4: 0}",1
71,True,"{'a': 0.5, 'e': 0.024267330287830763}",25,11,25.68810875793941,"{0: 14, 1: 0, 2: 0, 3: 0, 4: 0}",1
72,True,"{'a': 0.5, 'e': 0.024024656984952455}",30,20,19.556103886185163,"{0: 10, 1: 0, 2: 0, 3: 0, 4: 0}",1
73,True,"{'a': 0.5, 'e': 0.02378441041510293}",25,11,24.47802022353399,"{0: 14, 1: 0, 2: 0, 3: 0, 4: 0}",1
74,True,"{'a': 0.5, 'e': 0.0235465663109519}",25,13,25.556710596370063,"{0: 12, 1: 0, 2: 0, 3: 0, 4: 0}",1
75,True,"{'a': 0.5, 'e': 0.02331110064784238}",25,8,32.119453599689585,"{0: 17, 1: 0, 2: 0, 3: 0, 4: 0}",1
76,True,"{'a': 0.5, 'e': 0.02307798964136396}",20,13,13.843850179263082,"{0: 7, 1: 0, 2: 0, 3: 0, 4: 0}",1
77,True,"{'a': 0.5, 'e': 0.022847209744950317}",20,8,1.7294492730895714,"{0: 10, 1: 1, 2: 1, 3: 0, 4: 0}",1
78,True,"{'a': 0.5, 'e': 0.022618737647500813}",20,13,-10.856352943500768,"{0: 6, 1: 0, 2: 0, 3: 1, 4: 0}",1
79,True,"{'a': 0.5, 'e': 0.022392550271025807}",20,5,22.714936797539245,"{0: 15, 1: 0, 2: 0, 3: 0, 4: 0}",1
80,True,"{'a': 0.5, 'e': 0.022168624768315548}",20,10,16.53438418126594,"{0: 10, 1: 0, 2: 0, 3: 0, 4: 0}",1
81,True,"{'a': 0.5, 'e': 0.021946938520632394}",20,7,-20.401151673844662,"{0: 12, 1: 0, 2: 0, 3: 0, 4: 1}",1
82,True,"{'a': 0.5, 'e': 0.02172746913542607}",30,11,38.82349705532016,"{0: 19, 1: 0, 2: 0, 3: 0, 4: 0}",1
83,True,"{'a': 0.5, 'e': 0.021510194444071807}",20,10,-4.441776088883722,"{0: 9, 1: 0, 2: 0, 3: 1, 4: 0}",1
84,True,"{'a': 0.5, 'e': 0.021295092499631088}",20,0,-16.323574741064512,"{0: 18, 1: 1, 2: 0, 3: 0, 4: 1}",0
85,True,"{'a': 0.5, 'e': 0.02108214157463478}",20,2,21.031213153040756,"{0: 17, 1: 0, 2: 1, 3: 0, 4: 0}",1
86,True,"{'a': 0.5, 'e': 0.02087132015888843}",25,11,25.89897426816977,"{0: 14, 1: 0, 2: 0, 3: 0, 4: 0}",1
87,True,"{'a': 0.5, 'e': 0.020662606957299545}",25,19,-11.40559560340899,"{0: 5, 1: 0, 2: 0, 3: 1, 4: 0}",1
88,True,"{'a': 0.5, 'e': 0.02045598088772655}",20,14,9.948351545068416,"{0: 6, 1: 0, 2: 0, 3: 0, 4: 0}",1
89,True,"{'a': 0.5, 'e': 0.020251421078849283}",30,4,20.442147065451664,"{0: 25, 1: 0, 2: 0, 3: 1, 4: 0}",1
90,True,"{'a': 0.5, 'e': 0.02004890686806079}",25,13,24.667469425136783,"{0: 12, 1: 0, 2: 0, 3: 0, 4: 0}",1
91,True,"{'a': 0.5, 'e': 0.019848417799380184}",20,2,11.911544261518966,"{0: 17, 1: 0, 2: 1, 3: 0, 4: 0}",1
92,True,"{'a': 0.5, 'e': 0.01964993362138638}",20,7,21.00432706274736,"{0: 13, 1: 0, 2: 0, 3: 0, 4: 0}",1
93,True,"{'a': 0.5, 'e': 0.019453434285172516}",25,11,17.50420430706263,"{0: 13, 1: 1, 2: 0, 3: 0, 4: 0}",1
94,True,"{'a': 0.5, 'e': 0.01925889994232079}",20,1,28.402781374216964,"{0: 19, 1: 0, 2: 0, 3: 0, 4: 0}",1
95,True,"{'a': 0.5, 'e': 0.019066310942897582}",20,10,16.92831745147263,"{0: 10, 1: 0, 2: 0, 3: 0, 4: 0}",1
96,True,"{'a': 0.5, 'e': 0.01887564783346861}",30,19,11.0339420247844,"{0: 10, 1: 1, 2: 0, 3: 0, 4: 0}",1
97,True,"{'a': 0.5, 'e': 0.018686891355133923}",25,19,12.280474716253204,"{0: 6, 1: 0, 2: 0, 3: 0, 4: 0}",1
98,True,"{'a': 0.5, 'e': 0.01850002244158258}",20,10,5.044826746559902,"{0: 9, 1: 0, 2: 1, 3: 0, 4: 0}",1
99,True,"{'a': 0.5, 'e': 0.018315022217166757}",25,8,27.202191791416244,"{0: 17, 1: 0, 2: 0, 3: 0, 4: 0}",1
100,True,"{'a': 0.5, 'e': 0.018131871994995087}",20,15,10.059010961503704,"{0: 5, 1: 0, 2: 0, 3: 0, 4: 0}",1
101,True,"{'a': 0.5, 'e': 0.017950553275045137}",20,6,-19.200619807332618,"{0: 13, 1: 0, 2: 0, 3: 0, 4: 1}",1
102,True,"{'a': 0.5, 'e': 0.017771047742294686}",20,10,17.366720746244106,"{0: 10, 1: 0, 2: 0, 3: 0, 4: 0}",1
103,True,"{'a': 0.5, 'e': 0.01759333726487174}",20,8,19.748575278764584,"{0: 12, 1: 0, 2: 0, 3: 0, 4: 0}",1
104,True,"{'a': 0.5, 'e': 0.017417403892223023}",20,10,10.931668630144683,"{0: 9, 1: 1, 2: 0, 3: 0, 4: 0}",1
105,True,"{'a': 0.5, 'e': 0.01724322985330079}",20,5,27.012414353008843,"{0: 15, 1: 0, 2: 0, 3: 0, 4: 0}",1
106,True,"{'a': 0.5, 'e': 0.017070797554767782}",20,11,12.145458167587964,"{0: 9, 1: 0, 2: 0, 3: 0, 4: 0}",1
107,True,"{'a': 0.5, 'e': 0.016900089579220106}",20,16,7.420610649523783,"{0: 4, 1: 0, 2: 0, 3: 0, 4: 0}",1
108,True,"{'a': 0.5, 'e': 0.016731088683427903}",30,16,31.268232062516734,"{0: 14, 1: 0, 2: 0, 3: 0, 4: 0}",1
109,True,"{'a': 0.5, 'e': 0.016563777796593626}",30,20,19.21209525438062,"{0: 10, 1: 0, 2: 0, 3: 0, 4: 0}",1
110,True,"{'a': 0.5, 'e': 0.016398140018627688}",20,0,31.016317658439178,"{0: 20, 1: 0, 2: 0, 3: 0, 4: 0}",0
111,True,"{'a': 0.5, 'e': 0.01623415861844141}",25,17,16.47613665468318,"{0: 8, 1: 0, 2: 0, 3: 0, 4: 0}",1
112,True,"{'a': 0.5, 'e': 0.016071817032256998}",25,10,23.62342719001854,"{0: 15, 1: 0, 2: 0, 3: 0, 4: 0}",1
113,True,"{'a': 0.5, 'e': 0.015911098861934425}",25,0,-28.6764224603396,"{0: 22, 1: 0, 2: 2, 3: 0, 4: 1}",0
114,True,"{'a': 0.5, 'e': 0.015751987873315082}",25,19,9.689280050796047,"{0: 6, 1: 0, 2: 0, 3: 0, 4: 0}",1
115,True,"{'a': 0.5, 'e': 0.015594467994581931}",20,9,12.825873893072833,"{0: 10, 1: 1, 2: 0, 3: 0, 4: 0}",1
116,True,"{'a': 0.5, 'e': 0.015438523314636111}",25,4,-7.980348948954479,"{0: 20, 1: 0, 2: 0, 3: 0, 4: 1}",1
117,True,"{'a': 0.5, 'e': 0.01528413808148975}",25,5,34.858150146156305,"{0: 20, 1: 0, 2: 0, 3: 0, 4: 0}",1
118,True,"{'a': 0.5, 'e': 0.015131296700674854}",20,0,34.32484809557203,"{0: 20, 1: 0, 2: 0, 3: 0, 4: 0}",0
119,True,"{'a': 0.5, 'e': 0.014979983733668104}",25,7,30.552489133040922,"{0: 18, 1: 0, 2: 0, 3: 0, 4: 0}",1
120,True,"{'a': 0.5, 'e': 0.014830183896331423}",25,6,31.41677350657356,"{0: 19, 1: 0, 2: 0, 3: 0, 4: 0}",1
121,True,"{'a': 0.5, 'e': 0.014681882057368109}",20,3,17.88871813414381,"{0: 16, 1: 0, 2: 1, 3: 0, 4: 0}",1
122,True,"{'a': 0.5, 'e': 0.014535063236794427}",25,9,30.6397761909288,"{0: 16, 1: 0, 2: 0, 3: 0, 4: 0}",1
123,True,"{'a': 0.5, 'e': 0.014389712604426484}",25,12,19.70908853980977,"{0: 13, 1: 0, 2: 0, 3: 0, 4: 0}",1
124,True,"{'a': 0.5, 'e': 0.014245815478382218}",25,5,13.395085953270609,"{0: 19, 1: 0, 2: 0, 3: 1, 4: 0}",1
125,True,"{'a': 0.5, 'e': 0.014103357323598397}",20,12,13.13166255971372,"{0: 8, 1: 0, 2: 0, 3: 0, 4: 0}",1
126,True,"{'a': 0.5, 'e': 0.013962323750362412}",25,13,22.45328712416135,"{0: 12, 1: 0, 2: 0, 3: 0, 4: 0}",1
127,True,"{'a': 0.5, 'e': 0.013822700512858787}",20,9,22.187974474193414,"{0: 11, 1: 0, 2: 0, 3: 0, 4: 0}",1
128,True,"{'a': 0.5, 'e': 0.013684473507730199}",20,0,-10.21274877771057,"{0: 19, 1: 0, 2: 0, 3: 0, 4: 1}",1
129,True,"{'a': 0.5, 'e': 0.013547628772652897}",25,15,8.802276845896701,"{0: 9, 1: 0, 2: 1, 3: 0, 4: 0}",1
130,True,"{'a': 0.5, 'e': 0.013412152484926368}",25,0,25.95679443835973,"{0: 24, 1: 0, 2: 1, 3: 0, 4: 0}",0
131,True,"{'a': 0.5, 'e': 0.013278030960077104}",25,11,28.49200416009969,"{0: 14, 1: 0, 2: 0, 3: 0, 4: 0}",1
132,True,"{'a': 0.5, 'e': 0.013145250650476333}",25,17,17.620490967706303,"{0: 8, 1: 0, 2: 0, 3: 0, 4: 0}",1
133,True,"{'a': 0.5, 'e': 0.01301379814397157}",25,16,16.785693715995684,"{0: 9, 1: 0, 2: 0, 3: 0, 4: 0}",1
134,True,"{'a': 0.5, 'e': 0.012883660162531854}",25,11,25.28342547162442,"{0: 14, 1: 0, 2: 0, 3: 0, 4: 0}",1
135,True,"{'a': 0.5, 'e': 0.012754823560906535}",25,10,25.88258667924132,"{0: 15, 1: 0, 2: 0, 3: 0, 4: 0}",1
136,True,"{'a': 0.5, 'e': 0.01262727532529747}",20,12,15.16268835283217,"{0: 8, 1: 0, 2: 0, 3: 0, 4: 0}",1
137,True,"{'a': 0.5, 'e': 0.012501002572044496}",30,21,17.209717663512453,"{0: 9, 1: 0, 2: 0, 3: 0, 4: 0}",1
138,True,"{'a': 0.5, 'e': 0.01237599254632405}",20,2,8.865847772081569,"{0: 17, 1: 0, 2: 0, 3: 1, 4: 0}",1
139,True,"{'a': 0.5, 'e': 0.012252232620860809}",25,15,18.290129019695932,"{0: 10, 1: 0, 2: 0, 3: 0, 4: 0}",1
140,True,"{'a': 0.5, 'e': 0.012129710294652202}",25,8,27.88123641870918,"{0: 17, 1: 0, 2: 0, 3: 0, 4: 0}",1
141,True,"{'a': 0.5, 'e': 0.01200841319170568}",25,14,19.899030183963724,"{0: 11, 1: 0, 2: 0, 3: 0, 4: 0}",1
142,True,"{'a': 0.5, 'e': 0.011888329059788622}",20,8,21.256268948542996,"{0: 12, 1: 0, 2: 0, 3: 0, 4: 0}",1
143,True,"{'a': 0.5, 'e': 0.011769445769190735}",25,6,-14.500732414141755,"{0: 18, 1: 0, 2: 0, 3: 0, 4: 1}",1
144,True,"{'a': 0.5, 'e': 0.011651751311498829}",20,13,11.935367930711074,"{0: 7, 1: 0, 2: 0, 3: 0, 4: 0}",1
145,True,"{'a': 0.5, 'e': 0.01153523379838384}",25,0,30.298505951243676,"{0: 25, 1: 0, 2: 0, 3: 0, 4: 0}",0
146,True,"{'a': 0.5, 'e': 0.011419881460400001}",20,6,26.418224524185995,"{0: 14, 1: 0, 2: 0, 3: 0, 4: 0}",1
147,True,"{'a': 0.5, 'e': 0.011305682645796001}",20,15,10.390470008663756,"{0: 5, 1: 0, 2: 0, 3: 0, 4: 0}",1
148,True,"{'a': 0.5, 'e': 0.011192625819338041}",30,19,19.080371321550988,"{0: 11, 1: 0, 2: 0, 3: 0, 4: 0}",1
149,True,"{'a': 0.5, 'e': 0.011080699561144661}",30,18,21.97192028740769,"{0: 12, 1: 0, 2: 0, 3: 0, 4: 0}",1
150,True,"{'a': 0.5, 'e': 0.010969892565533214}",30,7,44.005929294582884,"{0: 23, 1: 0, 2: 0, 3: 0, 4: 0}",1
151,True,"{'a': 0.5, 'e': 0.010860193639877882}",20,9,20.41960806755918,"{0: 11, 1: 0, 2: 0, 3: 0, 4: 0}",1
152,True,"{'a': 0.5, 'e': 0.010751591703479103}",30,12,8.170504509144262,"{0: 17, 1: 0, 2: 0, 3: 1, 4: 0}",1
153,True,"{'a': 0.5, 'e': 0.010644075786444312}",25,7,25.033902569334725,"{0: 18, 1: 0, 2: 0, 3: 0, 4: 0}",1
154,True,"{'a': 0.5, 'e': 0.01053763502857987}",20,12,4.4493176821604115,"{0: 7, 1: 0, 2: 1, 3: 0, 4: 0}",1
155,True,"{'a': 0.5, 'e': 0.01043225867829407}",20,9,10.691284559335644,"{0: 10, 1: 0, 2: 1, 3: 0, 4: 0}",1
156,True,"{'a': 0.5, 'e': 0.01032793609151113}",25,0,42.22641595649307,"{0: 25, 1: 0, 2: 0, 3: 0, 4: 0}",0
157,True,"{'a': 0.5, 'e': 0.010224656730596018}",20,11,12.750589249575352,"{0: 9, 1: 0, 2: 0, 3: 0, 4: 0}",1
158,True,"{'a': 0.5, 'e': 0.010122410163290057}",25,15,21.90491930980761,"{0: 10, 1: 0, 2: 0, 3: 0, 4: 0}",1
159,True,"{'a': 0.5, 'e': 0.010021186061657156}",20,2,28.562709714038565,"{0: 18, 1: 0, 2: 0, 3: 0, 4: 0}",1
160,True,"{'a': 0.5, 'e': 0.009920974201040586}",20,14,11.439659863692446,"{0: 6, 1: 0, 2: 0, 3: 0, 4: 0}",1
161,True,"{'a': 0.5, 'e': 0.009821764459030179}",20,10,20.54960820253149,"{0: 10, 1: 0, 2: 0, 3: 0, 4: 0}",1
162,True,"{'a': 0.5, 'e': 0.009723546814439878}",20,10,22.25011844391169,"{0: 10, 1: 0, 2: 0, 3: 0, 4: 0}",1
163,True,"{'a': 0.5, 'e': 0.009626311346295479}",30,23,17.05702170914047,"{0: 7, 1: 0, 2: 0, 3: 0, 4: 0}",1
164,True,"{'a': 0.5, 'e': 0.009530048232832523}",25,13,11.204885716264108,"{0: 11, 1: 0, 2: 1, 3: 0, 4: 0}",1
165,True,"{'a': 0.5, 'e': 0.009434747750504199}",20,9,16.47203957187859,"{0: 11, 1: 0, 2: 0, 3: 0, 4: 0}",1
166,True,"{'a': 0.5, 'e': 0.009340400272999157}",20,14,11.014025741207684,"{0: 6, 1: 0, 2: 0, 3: 0, 4: 0}",1
167,True,"{'a': 0.5, 'e': 0.009246996270269165}",25,11,13.282634484069145,"{0: 13, 1: 0, 2: 1, 3: 0, 4: 0}",1
168,True,"{'a': 0.5, 'e': 0.009154526307566474}",35,21,27.33182504438351,"{0: 14, 1: 0, 2: 0, 3: 0, 4: 0}",1
169,True,"{'a': 0.5, 'e': 0.009062981044490808}",20,6,29.258157863470107,"{0: 14, 1: 0, 2: 0, 3: 0, 4: 0}",1
170,True,"{'a': 0.5, 'e': 0.0089723512340459}",20,6,25.300895737440612,"{0: 14, 1: 0, 2: 0, 3: 0, 4: 0}",1
171,True,"{'a': 0.5, 'e': 0.00888262772170544}",20,12,15.396038460750262,"{0: 8, 1: 0, 2: 0, 3: 0, 4: 0}",1
172,True,"{'a': 0.5, 'e': 0.008793801444488386}",35,9,36.465924357193984,"{0: 25, 1: 0, 2: 1, 3: 0, 4: 0}",1
173,True,"{'a': 0.5, 'e': 0.008705863430043502}",35,21,25.100792201859097,"{0: 14, 1: 0, 2: 0, 3: 0, 4: 0}",1
174,True,"{'a': 0.5, 'e': 0.008618804795743068}",20,10,19.047703314491848,"{0: 10, 1: 0, 2: 0, 3: 0, 4: 0}",1
175,True,"{'a': 0.5, 'e': 0.008532616747785637}",30,14,-13.806959928216909,"{0: 15, 1: 0, 2: 0, 3: 0, 4: 1}",1
176,True,"{'a': 0.5, 'e': 0.00844729058030778}",35,24,21.524287420239627,"{0: 11, 1: 0, 2: 0, 3: 0, 4: 0}",1
177,True,"{'a': 0.5, 'e': 0.008362817674504702}",20,5,23.316591424701027,"{0: 15, 1: 0, 2: 0, 3: 0, 4: 0}",1
178,True,"{'a': 0.5, 'e': 0.008279189497759656}",30,20,18.82866233046613,"{0: 10, 1: 0, 2: 0, 3: 0, 4: 0}",1
179,True,"{'a': 0.5, 'e': 0.008196397602782058}",20,13,4.398500263652882,"{0: 6, 1: 0, 2: 1, 3: 0, 4: 0}",1
180,True,"{'a': 0.5, 'e': 0.008114433626754238}",20,11,18.19858557892541,"{0: 9, 1: 0, 2: 0, 3: 0, 4: 0}",1
181,True,"{'a': 0.5, 'e': 0.008033289290486696}",20,14,11.52860165070938,"{0: 6, 1: 0, 2: 0, 3: 0, 4: 0}",1
182,True,"{'a': 0.5, 'e': 0.00795295639758183}",20,11,16.710497488354736,"{0: 9, 1: 0, 2: 0, 3: 0, 4: 0}",1
183,True,"{'a': 0.5, 'e': 0.00787342683360601}",30,15,25.253827085922694,"{0: 15, 1: 0, 2: 0, 3: 0, 4: 0}",1
184,True,"{'a': 0.5, 'e': 0.0077946925652699495}",25,7,31.219683467592944,"{0: 18, 1: 0, 2: 0, 3: 0, 4: 0}",1
185,True,"{'a': 0.5, 'e': 0.00771674563961725}",20,11,16.26735000914062,"{0: 9, 1: 0, 2: 0, 3: 0, 4: 0}",1
186,True,"{'a': 0.5, 'e': 0.007639578183221077}",30,17,22.0578186916086,"{0: 13, 1: 0, 2: 0, 3: 0, 4: 0}",1
187,True,"{'a': 0.5, 'e': 0.0075631824013888665}",20,13,11.979991698657791,"{0: 7, 1: 0, 2: 0, 3: 0, 4: 0}",1
188,True,"{'a': 0.5, 'e': 0.0074875505773749785}",20,13,4.997913544446226,"{0: 6, 1: 0, 2: 1, 3: 0, 4: 0}",1
189,True,"{'a': 0.5, 'e': 0.007412675071601228}",25,3,39.1176725733158,"{0: 22, 1: 0, 2: 0, 3: 0, 4: 0}",1
190,True,"{'a': 0.5, 'e': 0.007338548320885216}",25,5,31.814957267650364,"{0: 20, 1: 0, 2: 0, 3: 0, 4: 0}",1
191,True,"{'a': 0.5, 'e': 0.0072651628376763635}",20,0,31.226823198343485,"{0: 20, 1: 0, 2: 0, 3: 0, 4: 0}",0
192,True,"{'a': 0.5, 'e': 0.0071925112092996}",20,13,14.32511108668259,"{0: 7, 1: 0, 2: 0, 3: 0, 4: 0}",1
193,True,"{'a': 0.5, 'e': 0.007120586097206604}",30,16,30.159924007416507,"{0: 14, 1: 0, 2: 0, 3: 0, 4: 0}",1
194,True,"{'a': 0.5, 'e': 0.007049380236234538}",35,17,33.078354475754196,"{0: 18, 1: 0, 2: 0, 3: 0, 4: 0}",1
195,True,"{'a': 0.5, 'e': 0.006978886433872193}",20,6,24.271286809531293,"{0: 14, 1: 0, 2: 0, 3: 0, 4: 0}",1
196,True,"{'a': 0.5, 'e': 0.00690909756953347}",20,8,-21.035787978405192,"{0: 11, 1: 0, 2: 0, 3: 0, 4: 1}",1
197,True,"{'a': 0.5, 'e': 0.006840006593838136}",20,2,29.416663575887217,"{0: 18, 1: 0, 2: 0, 3: 0, 4: 0}",1
198,True,"{'a': 0.5, 'e': 0.006771606527899755}",20,13,0.3505657163903113,"{0: 6, 1: 0, 2: 1, 3: 0, 4: 0}",1
199,True,"{'a': 0.5, 'e': 0.0067038904626207565}",25,18,13.455506802166745,"{0: 7, 1: 0, 2: 0, 3: 0, 4: 0}",1
200,True,"{'a': 0.5, 'e': 0.006636851557994549}",20,12,15.73124106439989,"{0: 8, 1: 0, 2: 0, 3: 0, 4: 0}",1
201,True,"{'a': 0.5, 'e': 0.006570483042414603}",20,1,31.373663914462817,"{0: 19, 1: 0, 2: 0, 3: 0, 4: 0}",1
202,True,"{'a': 0.5, 'e': 0.006504778211990457}",25,9,-15.539683408203059,"{0: 15, 1: 0, 2: 0, 3: 0, 4: 1}",1
203,True,"{'a': 0.5, 'e': 0.006439730429870553}",25,17,14.85378575786827,"{0: 8, 1: 0, 2: 0, 3: 0, 4: 0}",1
204,True,"{'a': 0.5, 'e': 0.006375333125571847}",25,13,19.853261086407212,"{0: 12, 1: 0, 2: 0, 3: 0, 4: 0}",1
205,True,"{'a': 0.5, 'e': 0.006311579794316129}",25,8,33.731307123532986,"{0: 17, 1: 0, 2: 0, 3: 0, 4: 0}",1
206,True,"{'a': 0.5, 'e': 0.006248463996372967}",25,7,28.53583263193768,"{0: 18, 1: 0, 2: 0, 3: 0, 4: 0}",1
207,True,"{'a': 0.5, 'e': 0.0061859793564092375}",20,12,14.427040611740413,"{0: 8, 1: 0, 2: 0, 3: 0, 4: 0}",1
208,True,"{'a': 0.5, 'e': 0.006124119562845145}",20,15,8.24752225669502,"{0: 5, 1: 0, 2: 0, 3: 0, 4: 0}",1
209,True,"{'a': 0.5, 'e': 0.0060628783672166935}",20,7,19.39705806408686,"{0: 13, 1: 0, 2: 0, 3: 0, 4: 0}",1
210,True,"{'a': 0.5, 'e': 0.006002249583544526}",20,6,25.442906015277824,"{0: 14, 1: 0, 2: 0, 3: 0, 4: 0}",1
211,True,"{'a': 0.5, 'e': 0.005942227087709081}",20,12,14.953180594661118,"{0: 8, 1: 0, 2: 0, 3: 0, 4: 0}",1
212,True,"{'a': 0.5, 'e': 0.00588280481683199}",20,8,18.699519461233223,"{0: 12, 1: 0, 2: 0, 3: 0, 4: 0}",1
213,True,"{'a': 0.5, 'e': 0.005823976768663671}",25,18,14.88173730584122,"{0: 7, 1: 0, 2: 0, 3: 0, 4: 0}",1
214,True,"{'a': 0.5, 'e': 0.0057657370009770335}",20,0,17.280119079741315,"{0: 19, 1: 0, 2: 1, 3: 0, 4: 0}",0
215,True,"{'a': 0.5, 'e': 0.005708079630967263}",25,10,24.378414133761922,"{0: 15, 1: 0, 2: 0, 3: 0, 4: 0}",1
216,True,"{'a': 0.5, 'e': 0.00565099883465759}",20,10,18.473913124886053,"{0: 10, 1: 0, 2: 0, 3: 0, 4: 0}",1
217,True,"{'a': 0.5, 'e': 0.005594488846311015}",25,10,-36.65072473150173,"{0: 13, 1: 0, 2: 0, 3: 1, 4: 1}",1
218,True,"{'a': 0.5, 'e': 0.005538543957847904}",30,18,21.021200450238027,"{0: 12, 1: 0, 2: 0, 3: 0, 4: 0}",1
219,True,"{'a': 0.5, 'e': 0.005483158518269426}",25,6,31.422096166429483,"{0: 19, 1: 0, 2: 0, 3: 0, 4: 0}",1
220,True,"{'a': 0.5, 'e': 0.005428326933086731}",35,18,29.945220755864547,"{0: 17, 1: 0, 2: 0, 3: 0, 4: 0}",1
221,True,"{'a': 0.5, 'e': 0.005374043663755864}",30,20,20.689388821512836,"{0: 10, 1: 0, 2: 0, 3: 0, 4: 0}",1
222,True,"{'a': 0.5, 'e': 0.005320303227118305}",20,8,19.608484663087935,"{0: 12, 1: 0, 2: 0, 3: 0, 4: 0}",1
223,True,"{'a': 0.5, 'e': 0.005267100194847122}",20,3,28.52876732917131,"{0: 17, 1: 0, 2: 0, 3: 0, 4: 0}",1
224,True,"{'a': 0.5, 'e': 0.005214429192898651}",20,9,19.006476042178203,"{0: 11, 1: 0, 2: 0, 3: 0, 4: 0}",1
225,True,"{'a': 0.5, 'e': 0.005162284900969664}",25,5,32.95548285509147,"{0: 20, 1: 0, 2: 0, 3: 0, 4: 0}",1
226,True,"{'a': 0.5, 'e': 0.005110662051959968}",30,16,26.801397693352882,"{0: 14, 1: 0, 2: 0, 3: 0, 4: 0}",1
227,True,"{'a': 0.5, 'e': 0.005059555431440368}",25,14,19.85699732207007,"{0: 11, 1: 0, 2: 0, 3: 0, 4: 0}",1
228,True,"{'a': 0.5, 'e': 0.005008959877125964}",30,20,19.78696264253365,"{0: 10, 1: 0, 2: 0, 3: 0, 4: 0}",1
229,True,"{'a': 0.5, 'e': 0.0049588702783547045}",25,8,15.699698287977949,"{0: 16, 1: 1, 2: 0, 3: 0, 4: 0}",1
230,True,"{'a': 0.5, 'e': 0.004909281575571157}",20,11,14.679629520447502,"{0: 9, 1: 0, 2: 0, 3: 0, 4: 0}",1
231,True,"{'a': 0.5, 'e': 0.0048601887598154455}",20,0,30.122565643294095,"{0: 20, 1: 0, 2: 0, 3: 0, 4: 0}",0
232,True,"{'a': 0.5, 'e': 0.004811586872217291}",20,13,14.18285068497051,"{0: 7, 1: 0, 2: 0, 3: 0, 4: 0}",1
233,True,"{'a': 0.5, 'e': 0.004763471003495118}",30,22,14.493053942475576,"{0: 8, 1: 0, 2: 0, 3: 0, 4: 0}",1
234,True,"{'a': 0.5, 'e': 0.004715836293460167}",20,8,19.10313429133288,"{0: 12, 1: 0, 2: 0, 3: 0, 4: 0}",1
235,True,"{'a': 0.5, 'e': 0.004668677930525565}",20,6,25.608971462825757,"{0: 14, 1: 0, 2: 0, 3: 0, 4: 0}",1
236,True,"{'a': 0.5, 'e': 0.0046219911512203095}",20,13,11.893373146360402,"{0: 7, 1: 0, 2: 0, 3: 0, 4: 0}",1
237,True,"{'a': 0.5, 'e': 0.004575771239708106}",25,7,-12.754621002578679,"{0: 17, 1: 0, 2: 0, 3: 0, 4: 1}",1
238,True,"{'a': 0.5, 'e': 0.004530013527311025}",35,11,44.937534677816146,"{0: 24, 1: 0, 2: 0, 3: 0, 4: 0}",1
239,True,"{'a': 0.5, 'e': 0.004484713392037915}",25,17,9.820052593219817,"{0: 7, 1: 1, 2: 0, 3: 0, 4: 0}",1
240,True,"{'a': 0.5, 'e': 0.004439866258117536}",25,16,14.746470240071412,"{0: 9, 1: 0, 2: 0, 3: 0, 4: 0}",1
241,True,"{'a': 0.5, 'e': 0.004395467595536361}",25,20,8.73939902403586,"{0: 5, 1: 0, 2: 0, 3: 0, 4: 0}",1
242,True,"{'a': 0.5, 'e': 0.0043515129195809965}",25,20,5.498107153731478,"{0: 5, 1: 0, 2: 0, 3: 0, 4: 0}",1
243,True,"{'a': 0.5, 'e': 0.004307997790385187}",25,12,21.82905621056205,"{0: 13, 1: 0, 2: 0, 3: 0, 4: 0}",1
244,True,"{'a': 0.5, 'e': 0.004264917812481335}",30,17,22.295225596490983,"{0: 13, 1: 0, 2: 0, 3: 0, 4: 0}",1
245,True,"{'a': 0.5, 'e': 0.004222268634356522}",20,10,-23.353525914372838,"{0: 9, 1: 0, 2: 0, 3: 0, 4: 1}",1
246,True,"{'a': 0.5, 'e': 0.004180045948012957}",25,2,37.75036535062926,"{0: 23, 1: 0, 2: 0, 3: 0, 4: 0}",1
247,True,"{'a': 0.5, 'e': 0.004138245488532827}",25,15,18.227883090927715,"{0: 10, 1: 0, 2: 0, 3: 0, 4: 0}",1
248,True,"{'a': 0.5, 'e': 0.004096863033647498}",20,14,10.475038214457301,"{0: 6, 1: 0, 2: 0, 3: 0, 4: 0}",1
249,True,"{'a': 0.5, 'e': 0.0040558944033110235}",20,10,15.907716446245638,"{0: 10, 1: 0, 2: 0, 3: 0, 4: 0}",1
250,True,"{'a': 0.5, 'e': 0.004015335459277913}",30,20,18.09060164520189,"{0: 10, 1: 0, 2: 0, 3: 0, 4: 0}",1
251,True,"{'a': 0.5, 'e': 0.003975182104685134}",35,22,25.37543792982517,"{0: 13, 1: 0, 2: 0, 3: 0, 4: 0}",1
252,True,"{'a': 0.5, 'e': 0.003935430283638282}",25,10,27.239294932563077,"{0: 15, 1: 0, 2: 0, 3: 0, 4: 0}",1
253,True,"{'a': 0.5, 'e': 0.0038960759808018995}",25,14,23.766211842545236,"{0: 11, 1: 0, 2: 0, 3: 0, 4: 0}",1
254,True,"{'a': 0.5, 'e': 0.0038571152209938807}",25,12,25.609153489881827,"{0: 13, 1: 0, 2: 0, 3: 0, 4: 0}",1
255,True,"{'a': 0.5, 'e': 0.0038185440687839418}",20,15,8.334042247224115,"{0: 5, 1: 0, 2: 0, 3: 0, 4: 0}",1
256,True,"{'a': 0.5, 'e': 0.003780358628096102}",30,19,21.29682171432323,"{0: 11, 1: 0, 2: 0, 3: 0, 4: 0}",1
257,True,"{'a': 0.5, 'e': 0.0037425550418151415}",25,17,16.334323578096107,"{0: 8, 1: 0, 2: 0, 3: 0, 4: 0}",1
258,True,"{'a': 0.5, 'e': 0.0037051294913969897}",30,0,41.53246136690003,"{0: 29, 1: 1, 2: 0, 3: 0, 4: 0}",1
259,True,"{'a': 0.5, 'e': 0.00366807819648302}",25,17,15.487990801824044,"{0: 8, 1: 0, 2: 0, 3: 0, 4: 0}",1
260,True,"{'a': 0.5, 'e': 0.0036313974145181895}",25,10,33.217066741617096,"{0: 15, 1: 0, 2: 0, 3: 0, 4: 0}",1
261,True,"{'a': 0.5, 'e': 0.003595083440373008}",25,11,29.739462232020436,"{0: 14, 1: 0, 2: 0, 3: 0, 4: 0}",1
262,True,"{'a': 0.5, 'e': 0.003559132605969278}",20,6,10.50184634188734,"{0: 13, 1: 0, 2: 1, 3: 0, 4: 0}",1
263,True,"{'a': 0.5, 'e': 0.003523541279909585}",30,16,25.24242680515014,"{0: 14, 1: 0, 2: 0, 3: 0, 4: 0}",1
264,True,"{'a': 0.5, 'e': 0.003488305867110489}",20,15,10.692122876619646,"{0: 5, 1: 0, 2: 0, 3: 0, 4: 0}",1
265,True,"{'a': 0.5, 'e': 0.003453422808439384}",20,14,4.795251812541524,"{0: 5, 1: 1, 2: 0, 3: 0, 4: 0}",1
266,True,"{'a': 0.5, 'e': 0.0034188885803549903}",20,15,12.136727796667167,"{0: 5, 1: 0, 2: 0, 3: 0, 4: 0}",1
267,True,"{'a': 0.5, 'e': 0.0033846996945514404}",20,14,10.825756185273015,"{0: 6, 1: 0, 2: 0, 3: 0, 4: 0}",1
268,True,"{'a': 0.5, 'e': 0.003350852697605926}",25,9,27.993692953568072,"{0: 16, 1: 0, 2: 0, 3: 0, 4: 0}",1
269,True,"{'a': 0.5, 'e': 0.0033173441706298664}",20,11,19.526544727662305,"{0: 9, 1: 0, 2: 0, 3: 0, 4: 0}",1
270,True,"{'a': 0.5, 'e': 0.0032841707289235677}",25,14,23.213590165963755,"{0: 11, 1: 0, 2: 0, 3: 0, 4: 0}",1
271,True,"{'a': 0.5, 'e': 0.003251329021634332}",20,13,15.548245475065613,"{0: 7, 1: 0, 2: 0, 3: 0, 4: 0}",1
272,True,"{'a': 0.5, 'e': 0.0032188157314179885}",30,20,19.61966085200827,"{0: 10, 1: 0, 2: 0, 3: 0, 4: 0}",1
273,True,"{'a': 0.5, 'e': 0.003186627574103809}",25,15,21.166833016996563,"{0: 10, 1: 0, 2: 0, 3: 0, 4: 0}",1
274,True,"{'a': 0.5, 'e': 0.0031547612983627705}",20,14,13.115670337949675,"{0: 6, 1: 0, 2: 0, 3: 0, 4: 0}",1
275,True,"{'a': 0.5, 'e': 0.003123213685379143}",20,15,9.860502657768222,"{0: 5, 1: 0, 2: 0, 3: 0, 4: 0}",1
276,True,"{'a': 0.5, 'e': 0.0030919815485253516}",25,11,22.511649095402703,"{0: 14, 1: 0, 2: 0, 3: 0, 4: 0}",1
277,True,"{'a': 0.5, 'e': 0.003061061733040098}",20,11,16.791943322430733,"{0: 9, 1: 0, 2: 0, 3: 0, 4: 0}",1
278,True,"{'a': 0.5, 'e': 0.003030451115709697}",20,10,18.18380667337332,"{0: 10, 1: 0, 2: 0, 3: 0, 4: 0}",1
279,True,"{'a': 0.5, 'e': 0.0030001466045526}",20,13,14.591449036695392,"{0: 7, 1: 0, 2: 0, 3: 0, 4: 0}",1
280,True,"{'a': 0.5, 'e': 0.002970145138507074}",25,11,25.815833046950683,"{0: 14, 1: 0, 2: 0, 3: 0, 4: 0}",1
281,True,"{'a': 0.5, 'e': 0.002940443687122003}",25,17,15.473589658640634,"{0: 8, 1: 0, 2: 0, 3: 0, 4: 0}",1
282,True,"{'a': 0.5, 'e': 0.002911039250250783}",25,0,12.934615972719472,"{0: 24, 1: 0, 2: 0, 3: 1, 4: 0}",0
283,True,"{'a': 0.5, 'e': 0.0028819288577482754}",30,14,29.39722919317499,"{0: 16, 1: 0, 2: 0, 3: 0, 4: 0}",1
284,True,"{'a': 0.5, 'e': 0.0028531095691707925}",25,17,15.141819468537225,"{0: 8, 1: 0, 2: 0, 3: 0, 4: 0}",1
285,True,"{'a': 0.5, 'e': 0.0028245784734790844}",20,10,18.22467590172175,"{0: 10, 1: 0, 2: 0, 3: 0, 4: 0}",1
286,True,"{'a': 0.5, 'e': 0.0027963326887442937}",20,9,18.11192859239584,"{0: 11, 1: 0, 2: 0, 3: 0, 4: 0}",1
287,True,"{'a': 0.5, 'e': 0.0027683693618568506}",30,17,0.1348201642678788,"{0: 12, 1: 0, 2: 0, 3: 1, 4: 0}",1
288,True,"{'a': 0.5, 'e': 0.002740685668238282}",25,11,22.54802754532625,"{0: 14, 1: 0, 2: 0, 3: 0, 4: 0}",1
289,True,"{'a': 0.5, 'e': 0.0027132788115558993}",20,5,30.30433880000855,"{0: 15, 1: 0, 2: 0, 3: 0, 4: 0}",1
290,True,"{'a': 0.5, 'e': 0.0026861460234403403}",25,2,36.35017918862975,"{0: 23, 1: 0, 2: 0, 3: 0, 4: 0}",1
291,True,"{'a': 0.5, 'e': 0.002659284563205937}",35,23,19.95656603606395,"{0: 12, 1: 0, 2: 0, 3: 0, 4: 0}",1
292,True,"{'a': 0.5, 'e': 0.0026326917175738774}",30,12,31.941758291670542,"{0: 18, 1: 0, 2: 0, 3: 0, 4: 0}",1
293,True,"{'a': 0.5, 'e': 0.0026063648003981387}",25,14,21.39820947986049,"{0: 11, 1: 0, 2: 0, 3: 0, 4: 0}",1
294,True,"{'a': 0.5, 'e': 0.0025803011523941573}",20,8,20.991253520592466,"{0: 12, 1: 0, 2: 0, 3: 0, 4: 0}",1
295,True,"{'a': 0.5, 'e': 0.0025544981408702158}",30,16,25.42557246193441,"{0: 14, 1: 0, 2: 0, 3: 0, 4: 0}",1
296,True,"{'a': 0.5, 'e': 0.0025289531594615135}",25,19,10.873136038007745,"{0: 6, 1: 0, 2: 0, 3: 0, 4: 0}",1
297,True,"{'a': 0.5, 'e': 0.0025036636278668984}",30,21,21.11484867831488,"{0: 9, 1: 0, 2: 0, 3: 0, 4: 0}",1
298,True,"{'a': 0.5, 'e': 0.0024786269915882293}",20,14,9.344937395970966,"{0: 6, 1: 0, 2: 0, 3: 0, 4: 0}",1
299,True,"{'a': 0.5, 'e': 0.002453840721672347}",20,14,11.084374765328448,"{0: 6, 1: 0, 2: 0, 3: 0, 4: 0}",1
300,True,"{'a': 0.5, 'e': 0.0024293023144556234}",20,7,26.1177965739382,"{0: 13, 1: 0, 2: 0, 3: 0, 4: 0}",1
